{
    "menu:jobs": "<i class=\"bi bi-briefcase-fill\"></i> Poslovi",
    "menu:public_markers": "<i class=\"bi bi-suit-diamond-fill\"></i> Javni markeri",
    "menu:statistics": "<i class=\"bi bi-bar-chart-fill\"></i> Statistika",
    "menu:settings": "<i class=\"bi bi-gear-fill\"></i> Podesavanja",

    "menu:create_new_job": "Kreiraj posao",

    "menu:job_label": "Posao label",
    "menu:job_id": "Posao ID",
    "menu:ranks": "Rankovi",

    "menu:create_new_marker": "Kreiraj novi marker",

    "menu:marker:id": "ID",
    "menu:marker:label": "Label",
    "menu:marker:type": "Tip",
    "menu:marker:x": "X",
    "menu:marker:y": "Y",
    "menu:marker:z": "Z",
    "menu:marker:minimum_grade": "Minimalna razina",

    "menu:online_players": "Online igraci",
    "menu:total_players": "Totalni broj igraca",
    "menu:society_money": "Society novac",

    "menu:job:ranks": "<i class=\"bi bi-briefcase-fill\"></i> Rankovi",
    "menu:job:markers": "<i class=\"bi bi-suit-diamond-fill\"></i> Markeri",
    "menu:job:statistics": "<i class=\"bi bi-bar-chart-fill\"></i> Statistika",
    "menu:job:settings": "<i class=\"bi bi-gear-fill\"></i> Postavke",

    "menu:create_new_rank": "Kreiraj novi rank",

    "menu:rank:id": "ID",
    "menu:rank:label": "Label",
    "menu:rank:name": "Ime",
    "menu:rank:grade": "Razina",
    "menu:rank:salary": "Plata",

    "menu:job_settings:whitelisted": "Whitelistovan",
    "menu:job_settings:enable_billing": "Dozvoli racune",
    "menu:job_settings:enable_search_players": "Dozvoli pretrazivanje igraca",
    "menu:job_settings:enable_handcuff_players": "Dozvoli vezanje igraca",
    "menu:job_settings:enable_lockpick_players": "Dozvoli obijanje vozila",
    "menu:job_settings:enable_wash_vehicles": "Dozvoli pranje vozila",
    "menu:job_settings:enable_repair_vehicles": "Dozvoli popravljanje vozila",
    "menu:job_settings:enable_impound_vehicles": "Dozvoli impound vozila",
    "menu:job_settings:enable_check_identities": "Dozvoli provjeru identiteta",
    "menu:job_settings:enable_check_vehicle_owner": "Dozvoli provjeru vlasnika vozila",
    "menu:job_settings:enable_check_driving_license": "Dozvoli provjeru vozackih dozvola",
    "menu:job_settings:enable_check_weapon_license": "Dozvoli provjeru dozvole za oruzje",
    "menu:job_settings:enable_heal": "Dozvoli heal-anje",
    "menu:job_settings:enable_revive": "Dozvoli revive-anje",

    "menu:job_settings:delete_job": "Obrisi posao",
    "menu:job_settings:save_changes": "Sacuvaj podesavanja",

    "menu:rank_creation:create_rank": "Kreiraj rank",
    "menu:rank_creation:label": "Label",
    "menu:rank_creation:name": "Ime (id)",
    "menu:rank_creation:grade": "Razina",
    "menu:rank_creation:salary": "Plata",
    "menu:rank_creation:close": "Zatvori",
    "menu:rank_creation:create": "Kreiraj",
    
    "menu:rank_edit:edit": "Uredi rank",
    "menu:rank_edit:label": "Label",
    "menu:rank_edit:name_id": "Ime (id)",
    "menu:rank_edit:grade": "Razina",
    "menu:rank_edit:salary": "Plata",
    "menu:rank_edit:delete": "Obrisi",
    "menu:rank_edit:close": "Zatvori",
    "menu:rank_edit:save": "Sacuvaj",

    "menu:delete_dialog:delete": "Obrisi",
    "menu:delete_dialog:close": "Zatvori",

    "menu:edit_marker:edit_marker": "Uredi marker",
    "menu:edit_marker:label": "Label",
    "menu:edit_marker:marker_type": "Marker Tip",
    "menu:edit_marker:minimum_grade": "Minimalna razina",
    "menu:edit_marker:specific_grades": "Specificna razina",
    "menu:edit_marker:choose_grades": "Odaberi razinu",
    "menu:edit_marker:use_minimum_grade": "Koristi najmanju razinu",
    "menu:edit_marker:use_specific_grades": "Koristi specificnu razinu",
    "menu:edit_marker:marker_size": "Marker velicina",
    "menu:edit_marker:scale_x": "Velicina X",
    "menu:edit_marker:scale_y": "Velicina Y",
    "menu:edit_marker:scale_z": "Velicina Z",
    "menu:edit_marker:marker_coordinates": "Marker koordinate",
    "menu:edit_marker:coord_x": "Pozicija X",
    "menu:edit_marker:coord_y": "Pozicija Y",
    "menu:edit_marker:coord_z": "Pozicija Z",
    "menu:edit_marker:current_coords": "Trenutne koordinate",
    "menu:edit_marker:marker_color": "Marker boja",
    "menu:edit_marker:marker_opacity": "Marker jacina",
    "menu:edit_marker:map_blip": "Mapa blip",
    "menu:edit_marker:blip_sprite": "Sprite",
    "menu:edit_marker:blip_color": "Boja",
    "menu:edit_marker:blip_scale": "Velicina",
    "menu:edit_marker:standing_npc": "NPC kao marker",
    "menu:edit_marker:npc_model": "Model",
    "menu:edit_marker:npc_heading": "Rotacija",
    "menu:edit_marker:npc_current_heading": "Trenutna rotacija",
    "menu:edit_marker:object": "Objekt",
    "menu:edit_marker:object_model": "Model",
    "menu:edit_marker:object_rotation_pitch": "Nagib",
    "menu:edit_marker:object_rotation_roll": "Roll",
    "menu:edit_marker:object_rotation_yaw": "Skretanje",

    "menu:grades_dialog:title": "Posao razina",

    "menu:edit_marker:temporary_garage:vehicle_spawnpoint": "Vozilo Spawnpoint",
    "menu:edit_marker:temporary_garage:spawnpoint_heading": "Spawnpoint rotacija",
    "menu:edit_marker:temporary_garage:current_cooords_and_heading": "Trenutne koordinate i rotacija",
    "menu:edit_marker:temporary_garage:vehicle_model": "Vozilo Model",
    "menu:edit_marker:temporary_garage:vehicle_name": "Vozilo Ime",
    "menu:edit_marker:temporary_garage:vehicle_primary_color": "Primarna boja",
    "menu:edit_marker:temporary_garage:vehicle_secondary_color": "Sekundarna boja",
    "menu:edit_marker:temporary_garage:vehicle_plate": "Tablice",
    "menu:edit_marker:temporary_garage:delete": "Obrisi",
    "menu:edit_marker:temporary_garage:new_vehicle_model": "Novi model vozila",
    "menu:edit_marker:temporary_garage:cant_be_empty": "Ne moze biti prazno",
    "menu:edit_marker:temporary_garage:add_vehicle": "Dodaj vozilo",

    "menu:edit_marker:boss:can_wash_money": "Moze prati novac?",
    "menu:edit_marker:boss:return_percentage_after_wash": "Procenat povrata nakon pranja",
    "menu:edit_marker:boss:add_money_to_society_account": "Dodaj novac na racun firme",
    "menu:edit_marker:boss:can_withdraw_money": "Moze podignuti novac?",
    "menu:edit_marker:boss:can_deposit_money": "Moze poliziti novac?",
    "menu:edit_marker:boss:can_manage_employees": "Moze upravljati zaposlenima?",
    "menu:edit_marker:boss:can_manage_wages": "Moze upravljati platama/rankovima?",

    "menu:edit_marker:shop:add_to_shop": "Dodaj shop",
    "menu:edit_marker:shop:item_id": "Item ID",
    "menu:edit_marker:shop:item_price": "Item cijena",
    "menu:edit_marker:shop:black_money": "Prljav novac",
    "menu:edit_marker:shop:remove_item": "Ukolini item",

    "menu:edit_marker:garage_buyable:vehicle_spawnpoint": "Vozilo Spawnpoint",
    "menu:edit_marker:garage_buyable:spawnpoint_heading": "Spawnpoint rotacija",
    "menu:edit_marker:garage_buyable:current_cooords_and_heading": "Trenutne koordinate i rotacija",
    "menu:edit_marker:garage_buyable:new_vehicle_model": "Novi model vozila",
    "menu:edit_marker:garage_buyable:add_vehicle": "Dodaj vozilo",
    
    "menu:edit_marker:garage_owned:vehicle_spawnpoint": "Vozilo Spawnpoint",
    "menu:edit_marker:garage_owned:spawnpoint_heading": "Spawnpoint rotacija",
    "menu:edit_marker:garage_owned:current_cooords_and_heading": "Trenutne koordinate i rotacija",

    "menu:edit_marker:crafting_table:create_new_craft": "Kreiraj novi krafting spot",

    "menu:edit_marker:armory:is_armory_shared": "Dijeljena oruzarnica?",
    "menu:edit_marker:armory:max_ammo_when_take": "Maximalan broj metaka?",
    "menu:edit_marker:armory:delete_armory_content": "Isprazni oruzarnicu",

    "menu:edit_marker:stash:delete_stash_content": "Isprazni stash",

    "menu:edit_marker:job_outfit:create_new_outfit": "Kreiraj novi outfit",

    "menu:edit_marker:teleport:teleport_to": "Teleport do",
    "menu:edit_marker:teleport:current_coords": "Trenutne koordinate",

    "menu:edit_marker:market:item_id": "Item ID",
    "menu:edit_marker:market:item_min_price": "Item minimalna cijena",
    "menu:edit_marker:market:item_max_price": "Item maksimalna cijena",
    "menu:edit_marker:market:black_money": "Prljav novac?",
    "menu:edit_marker:market:time_to_sell": "Vrijeme prodaje",
    "menu:edit_marker:market:remove": "Ukloni item",
    "menu:edit_marker:market:add_item": "Dodaj item",

    "menu:edit_marker:harvest:requires_a_tool": "Potreban alat?",
    "menu:edit_marker:harvest:tool_to_harvest": "Alat za branje",
    "menu:edit_marker:harvest:lose_on_use": "Oduzmi nakon koriscenja",
    "menu:edit_marker:harvest:quantity_to_lose": "Oduzmi kolicina",
    "menu:edit_marker:harvest:probability_to_lose": "Vjerovatnoca za izgubiti",
    "menu:edit_marker:harvest:disappear_after_use": "Oduzmi nakon koriscenja",
    "menu:edit_marker:harvest:disappear_seconds": "Oduzmi nakon _ sekundi",
    "menu:edit_marker:harvest:animations": "Animacije",
    "menu:edit_marker:harvest:add_item": "Dodaj item",

    "menu:edit_marker:process:remove_item": "Ukloni item",
    "menu:edit_marker:process:give_item": "Daj item",
    "menu:edit_marker:process:time_to_process": "Vrijeme procesuiranja",
    "menu:edit_marker:process:animations": "Animacije",

    "menu:edit_marker:weapon_upgrader:extended_clip": "Extended Okvir",
    "menu:edit_marker:weapon_upgrader:drum_clip": "Drum Okvir",
    "menu:edit_marker:weapon_upgrader:flashlight": "Lampica",
    "menu:edit_marker:weapon_upgrader:suppressor": "Prigusivac",
    "menu:edit_marker:weapon_upgrader:scope": "Scope",
    "menu:edit_marker:weapon_upgrader:advanced_scope": "Advanced Scope",
    "menu:edit_marker:weapon_upgrader:grip": "Grip",
    "menu:edit_marker:weapon_upgrader:box_clip": "Box Clip",
    "menu:edit_marker:weapon_upgrader:luxary_finish": "Luxary Finish",
    "menu:edit_marker:weapon_upgrader:default_tint": "Default tint",
    "menu:edit_marker:weapon_upgrader:green_tint": "Green tint",
    "menu:edit_marker:weapon_upgrader:gold_tint": "Gold tint",
    "menu:edit_marker:weapon_upgrader:pink_tint": "Pink tint",
    "menu:edit_marker:weapon_upgrader:army_tint": "Army tint",
    "menu:edit_marker:weapon_upgrader:lspd_tint": "LSPD tint",
    "menu:edit_marker:weapon_upgrader:orange_tint": "Orange tint",
    "menu:edit_marker:weapon_upgrader:platinum_tint": "Platinum tint",

    "menu:edit_marker:job_shop:job_allowed_to_sell": "Posao koji moze prodavati iteme?",
    "menu:edit_marker:job_shop:allowed_job": "Dozvoli poslu da moze prodavati",
    "menu:edit_marker:job_shop:minimum_grade": "Minimalna razina za prodaju",

    "menu:edit_marker:delete_marker": "Obrisi marker",
    "menu:edit_marker:close": "Zatvori",
    "menu:edit_marker:save": "Sacuvaj",

    "menu:input_text:close": "Zatvori",
    "menu:input_text:confirm": "Potvrdi",

    "menu:notification:notification": "Notifikacija",
    "menu:notification:close": "Zatvori",

    "menu:not_allowed:you_are_not_allowed": "Nemas dozvolu za kristenje ovog menija!",
    "menu:not_allowed:if_you_are_admin": "Gdje si posao??? If you are a server admin, you need to add ACE permission to your server.cfg",

    "menu:animations:animations": "Animacije",
    "menu:animations:add_animation": "Dodaj animaciju",
    "menu:animations:close": "Zatvori",
    "menu:animations:save": "Sacuvaj",

    "menu:dynamic:create_new_job": "Kreiraj novi posao",
    "menu:dynamic:new_job_label": "Novi posao label:",
    "menu:dynamic:new_job_name": "Novi posao ime (id):",

    "menu:dynamic:delete_job": "Obrisi posao",
    "menu:dynamic:delete_job_confirm": "Da li si siguran da zelis obrisati posao?",

    "menu:dynamic:job_markers:create_marker": "Kreiraj marker",
    "menu:dynamic:job_markers:label": "Label",
    "menu:dynamic:job_markers:coord_x": "Pozicija X",
    "menu:dynamic:job_markers:coord_y": "Pozicija Y",
    "menu:dynamic:job_markers:coord_z": "Pozicija Z",
    "menu:dynamic:job_markers:current_coords": "Trenutne koordinate",
    "menu:dynamic:job_markers:min_grade": "Minimalna razina",

    "menu:dynamic:public_markers:create_public_marker": "Kreiraj javni marker",
    "menu:dynamic:public_markers:label": "Label",
    "menu:dynamic:public_markers:coord_x": "Pozicija X",
    "menu:dynamic:public_markers:coord_y": "Pozicija Y",
    "menu:dynamic:public_markers:coord_z": "Pozicija Z",
    "menu:dynamic:public_markers:current_coords": "Trenutne koordinate",

    "menu:dynamic:harvest:name": "Ime (ID)",
    "menu:dynamic:harvest:min_quantity": "Minimalna kolicina",
    "menu:dynamic:harvest:max_quantity": "Maksimalna kolicina",
    "menu:dynamic:harvest:time_to_harvest": "Vrijeme branja (sekunde)",
    "menu:dynamic:harvest:probabilty": "Probability to find",

    "menu:dynamic:default": "Default",

    "menu:dynamic:animations:animation_dictionary": "Animacije:",
    "menu:dynamic:animations:animation_name": "Ime animacije:",
    "menu:dynamic:animations:animation_duration": "Trajanje animacije (sekunde):",
    "menu:dynamic:animations:scenario_name": "Ime scenarija",
    "menu:dynamic:animations:scenario_duration": "Trajanje scenarija (sekunde):",
    "menu:dynamic:animations:remove": "Obrisi",

    "menu:dynamic:marker_info:stash": "Stash",
    "menu:dynamic:marker_info:stash_settings": "Stash podesavanja",
    "menu:dynamic:marker_info:armory": "Oruzarnica",
    "menu:dynamic:marker_info:armory_settings": "Oruzarnica podesavanja",
    "menu:dynamic:marker_info:safe": "Sef",
    "menu:dynamic:marker_info:temporary_garage": "Garaza - Privremena vozila",
    "menu:dynamic:marker_info:temporary_garage_settings": "Garaza podesavanja",
    "menu:dynamic:marker_info:garage_buyable": "Garaza - Vozila na kupovinu",
    "menu:dynamic:marker_info:garage_buyable_settings": "Garaza podesavanja",
    "menu:dynamic:marker_info:garage_owned": "Vozila u vlasnistvu",
    "menu:dynamic:marker_info:garage_owned_settings": "Garaza podesavanja",
    "menu:dynamic:marker_info:boss": "Sef",
    "menu:dynamic:marker_info:boss_settings": "Sef podesavanja",
    "menu:dynamic:marker_info:wardrobe": "Uniforma - Sacuvane uniforme",
    "menu:dynamic:marker_info:job_outfit": "Posao Outfit",
    "menu:dynamic:marker_info:job_outfit_settings": "Outfiti",
    "menu:dynamic:marker_info:shop": "Trgovina (kupi iteme)",
    "menu:dynamic:marker_info:shop_settings": "Kupovina stvari",
    "menu:dynamic:marker_info:market": "Trgovina (prodaj iteme)",
    "menu:dynamic:marker_info:market_settings": "Prodaja stvari",
    "menu:dynamic:marker_info:harvest": "Branje pozicija",
    "menu:dynamic:marker_info:harvest_settings": "Item za branje",
    "menu:dynamic:marker_info:process": "Procesurianje pozicija",
    "menu:dynamic:marker_info:process_settings": "Item za procesuiranje",
    "menu:dynamic:marker_info:crafting_table": "Stol za kraftanje",
    "menu:dynamic:marker_info:crafting_table_settings": "Recepti za kraftanje",
    "menu:dynamic:marker_info:teleport": "Teleporter",
    "menu:dynamic:marker_info:teleport_settings": "Teleporter podesavanja",
    "menu:dynamic:marker_info:weapon_upgrader": "Nadogradnja oruzja",
    "menu:dynamic:marker_info:weapon_upgrader_settings": "Komponente/Tinte cijene",
    "menu:dynamic:marker_info:duty": "On/Off Duznost",
    "menu:dynamic:marker_info:job_shop": "Posao trgovina",
    "menu:dynamic:marker_info:job_shop_settings": "Trgovina podesavanja",

    "menu:dynamic:marker:crafting_table:time_to_craft": "Vrijeme kraftanja (sekunde)",
    "menu:dynamic:marker:crafting_table:result_item": "Item koji dobije",
    "menu:dynamic:marker:crafting_table:quantity": "Kolicina",
    "menu:dynamic:marker:crafting_table:item_id": "Item ID",
    "menu:dynamic:marker:crafting_table:item_quantity": "Item kolicina",
    "menu:dynamic:marker:crafting_table:lose_on_use": "Oduzmi na koriscenje",
    "menu:dynamic:marker:crafting_table:remove": "Oduzmi",
    "menu:dynamic:marker:crafting_table:animations": "Animacije",
    "menu:dynamic:marker:crafting_table:add_to_craft": "Dodaj na kraftovanje",
    "menu:dynamic:marker:crafting_table:remove_craft": "Ukloni sa kraftovanja",

    "menu:dynamic:marker:temporary_garage:delete": "Obrisi",
    "menu:dynamic:marker:temporary_garage:random_plate": "Random tablice",

    "menu:datatable:lengthMenu": "Pokazi _MENU_ rezultati",
    "menu:datatable:zeroRecords": "Nema rezultata",
    "menu:datatable:info": "Pokazivanje _PAGE_ od _PAGES_",
    "menu:datatable:infoEmpty": "Nema rezultata",
    "menu:datatable:infoFiltered": "(filter od _MAX_ rezultata)",
    "menu:datatable:search": "Pretrazi:",
    "menu:datatable:next": "Dalje",
    "menu:datatable:previous": "Predhodno",

    "menu:chart:players_in_rank": "Igraci sa rankom",

    "menu:settings:useBillingUI": "Koristi Billind UI za kreiranje racuna",
    "menu:settings:player_menu_position": "Pozicija menija",
    "menu:settings:player_menu_position:bottom_right": "Dole desno",
    "menu:settings:player_menu_position:top_right": "Gore desno",
    "menu:settings:player_menu_position:bottom_left": "Dole lijevo",
    "menu:settings:player_menu_position:top_left": "Gore lijevo",
    "menu:settings:max_distance_marker": "Maksimalna distanca vidljivosti markera",
    "menu:settings:use3Dtext": "Koristi 3D text",
    "menu:settings:text_size": "Text velicina",
    "menu:settings:font_to_use": "Font texta",
    "menu:settings:seconds_to_lockpick_car": "Trajanje lockpickpickovanja",
    "menu:settings:vehicle_alarm": "Ukljuci alarm vozila?",
    "menu:settings:jsfour_idcard": "Koristi jsfour-idcard skriptu (if you have it) to view target ID card in check identity/vehicle license/weapon license action",
    "menu:settings:can_use_actions_off_duty": "Moze li koristiti F6 menu ako nije na duznosti?",
    "menu:settings:car_driving_licenses_ids": "Vozacke dozvole",
    "menu:settings:weapon_licenses_ids": "Oruzje dozvole",
    "menu:settings:new_driving_license": "Nove vozacke dozvole",
    "menu:settings:add": "Dodaj",
    "menu:settings:new_weapon_license": "Nove dozvole za oruzje",
    "menu:settings:can_sell_multiple_items": "Moze prodati vecu kolicinu?",
    "menu:settings:language": "Jezik",
    "menu:settings:allow_afk_farming": "Dozvoli automatsko branje i procesuiranje",
    "menu:settings:unemployed_job_id": "Nezaposlen posao ID",
    "menu:settings:unemployed_job_grade": "Nezaposlen posao razina",
    "menu:settings:ace_permission": "ACE premisija",

    "menu:settings:enable_discord_logs": "Dozvoli discord logove",
    "menu:settings:discord_webhooks": "Discord webhooks",
    "menu:settings:main_webhook": "Glavni webhook",
    "menu:settings:separated_webhooks": "Odvojeni webhooks",

    "menu:settings:handcuffs_requires_item": "Vezanje zahtjeva item",
    "menu:settings:handcuffs_item_name": "Lisice item",

    "menu:settings:lockpick_requires_item": "Lockpickovanje zahtjeva item",
    "menu:settings:lockpick_item_name": "Lockpick item ime",
    "menu:settings:lockpickRemoveOnUse": "Oduzmi nakon koriscenja?",

    "menu:settings:robbable_accounts": "Racuni moguci za oplajckati",
    "menu:settings:new_robbable_account": "Novi racun",
    "menu:settings:canAlwaysCarryItem": "Moze uvjek nositi iteme",
    "menu:settings:accounts_depositable_in_safe": "Vrste novca koje se mogu ostaviti u sef",
    "menu:settings:enable_cash_in_safes_old_esx": "Dozvoli kes u efovima za stari ESX",

    "menu:settings:vehicle_reparation": "Popravka vozila",
    "menu:settings:repair_vehicle_requires_item": "Popravi vozilo zahtjeva item",
    "menu:settings:repair_vehicle_item_name": "Fixkit item ime",
    "menu:settings:lose_fixkit_on_use": "Oduzmi nakon koriscenja?",

    "menu:settings:vehicle_cleaning": "Pranje vozila",
    "menu:settings:clean_vehicle_requires_item": "Pranje zahtjeva item",
    "menu:settings:clean_vehicle_item_name": "Spuzva item ime",
    "menu:settings:lose_sponge_on_use": "Oduzmi nakon koriscenja?",

    "menu:settings:healing": "Lijecenje",
    "menu:settings:healing_requires_item": "Lijecenje zahtjeva item",
    "menu:settings:healing_item_name": "Bandage item ime",
    "menu:settings:lose_bandage_on_use": "Oduzmi nakon koriscenja?",

    "menu:settings:reviving": "Reanimacija",
    "menu:settings:reviving_requires_item": "Reanimacija zahtjeva item",
    "menu:settings:reviving_item_name": "Medikit item ime",
    "menu:settings:lose_medikit_on_use": "Oduzmi nakon koriscenja?",

    "menu:settings:enable_property_outfits": "Dozvoli outfite iz property datastore u ormaricima za presvlacenje",

    "menu:settings:apply_changes": "Potvrdi promjene",
    "menu:settings:restore_default_config": "Vrati na tvornicke",
    "menu:are_you_sure_to_restore_settings": "Da li si siguran da zelis sve obrisati?",

    "menu:items_dialog:title": "Lista item",
    "menu:items_dialog:search_item": "Trazi item",
    
    "menu:weapons_dialog:title": "Lista oruzja",
    "menu:weapons_dialog:search_weapon": "Trazi oruzje",

    "menu:dialog:choose_item": "Odaberi item",
    "menu:dialog:choose_weapon": "Odaberi oruzje"
}