{
    "menu:jobs": "<i class=\"bi bi-briefcase-fill\"></i> Joby",
    "menu:public_markers": "<i class=\"bi bi-suit-diamond-fill\"></i> Verejne markery",
    "menu:statistics": "<i class=\"bi bi-bar-chart-fill\"></i> Statistiky",
    "menu:settings": "<i class=\"bi bi-gear-fill\"></i> Nastaveni",

    "menu:create_new_job": "Vytvorit novy job",

    "menu:job_label": "Job popis",
    "menu:job_id": "Job ID",
    "menu:ranks": "Hodnosti",

    "menu:create_new_marker": "Vytvorit novy marker",

    "menu:marker:id": "ID",
    "menu:marker:label": "Popis",
    "menu:marker:type": "Typ",
    "menu:marker:x": "X",
    "menu:marker:y": "Y",
    "menu:marker:z": "Z",
    "menu:marker:minimum_grade": "Minimalni hodnost",

    "menu:online_players": "Online hraci",
    "menu:total_players": "Vsichni hraci",
    "menu:society_money": "Firemni penize",

    "menu:job:ranks": "<i class=\"bi bi-briefcase-fill\"></i> Hodnosti",
    "menu:job:markers": "<i class=\"bi bi-suit-diamond-fill\"></i> Markery",
    "menu:job:statistics": "<i class=\"bi bi-bar-chart-fill\"></i> Statistiky",
    "menu:job:settings": "<i class=\"bi bi-gear-fill\"></i> Nastaveni",

    "menu:create_new_rank": "Vytvorit novou hodnost",

    "menu:rank:id": "ID",
    "menu:rank:label": "Popis",
    "menu:rank:name": "Jmeno",
    "menu:rank:grade": "Hodnost",
    "menu:rank:salary": "Plat",

    "menu:job_settings:whitelisted": "Whitelisted Job",
    "menu:job_settings:enable_billing": "Povolit faktury",
    "menu:job_settings:enable_search_players": "Povolit okradani a prohledavani hracu",
    "menu:job_settings:enable_handcuff_players": "Povolit poutani hracu",
    "menu:job_settings:enable_lockpick_players": "Povolit vypacit zamek na vozidle",
    "menu:job_settings:enable_wash_vehicles": "Povolit umyvani vozidla",
    "menu:job_settings:enable_repair_vehicles": "Povolit opravu vozidla",
    "menu:job_settings:enable_impound_vehicles": "Povolit odiahnuti vozidla",
    "menu:job_settings:enable_check_identities": "Povolit zobrazeni ID",
    "menu:job_settings:enable_check_vehicle_owner": "Povolit zobrazeni majitele vozidla",
    "menu:job_settings:enable_check_driving_license": "Povolit zobrazeni ridicskeho prukazu",
    "menu:job_settings:enable_check_weapon_license": "Povolot zobrazeni zbrojniho prukazu",
    "menu:job_settings:enable_heal": "Povolit licence",
    "menu:job_settings:enable_revive": "Povolit ozivovani",

    "menu:job_settings:delete_job": "Vymazat job",
    "menu:job_settings:save_changes": "Ulozit zmeny",

    "menu:rank_creation:create_rank": "Vytvorit hodnost",
    "menu:rank_creation:label": "Popis",
    "menu:rank_creation:name": "Jmeno (id)",
    "menu:rank_creation:grade": "Hodnost",
    "menu:rank_creation:salary": "Plat",
    "menu:rank_creation:close": "Zavrit",
    "menu:rank_creation:create": "Vytvorit",
    
    "menu:rank_edit:edit": "Upravit hodnost",
    "menu:rank_edit:label": "Popis",
    "menu:rank_edit:name_id": "Jmeno (id)",
    "menu:rank_edit:grade": "Hodnost",
    "menu:rank_edit:salary": "Plat",
    "menu:rank_edit:delete": "Vymazat",
    "menu:rank_edit:close": "Zavrit",
    "menu:rank_edit:save": "Ulozit",

    "menu:delete_dialog:delete": "Vymazat",
    "menu:delete_dialog:close": "Zavrit",

    "menu:edit_marker:edit_marker": "Upravit marker",
    "menu:edit_marker:label": "Popis",
    "menu:edit_marker:marker_type": "Marker Typ",
    "menu:edit_marker:minimum_grade": "Minimalni Hodnost",
    "menu:edit_marker:specific_grades": "Specificka hodnost",
    "menu:edit_marker:choose_grades": "Vybrat hodnost",
    "menu:edit_marker:use_minimum_grade": "Pouzit minimalni Hodnost",
    "menu:edit_marker:use_specific_grades": "Pouzit specifickou hodnost",
    "menu:edit_marker:marker_size": "Marker velikost",
    "menu:edit_marker:scale_x": "Scale X",
    "menu:edit_marker:scale_y": "Scale Y",
    "menu:edit_marker:scale_z": "Scale Z",
    "menu:edit_marker:marker_coordinates": "Marker souradnice",
    "menu:edit_marker:coord_x": "Coord X",
    "menu:edit_marker:coord_y": "Coord Y",
    "menu:edit_marker:coord_z": "Coord Z",
    "menu:edit_marker:current_coords": "Aktualni souradnice",
    "menu:edit_marker:marker_color": "Marker barva",
    "menu:edit_marker:marker_opacity": "Marker viditelnost",
    "menu:edit_marker:map_blip": "Map blip",
    "menu:edit_marker:blip_sprite": "Sprite",
    "menu:edit_marker:blip_color": "Color",
    "menu:edit_marker:blip_scale": "Scale",
    "menu:edit_marker:standing_npc": "Stojici NPC",
    "menu:edit_marker:npc_model": "Model",
    "menu:edit_marker:npc_heading": "Heading",
    "menu:edit_marker:npc_current_heading": "Aktualni heading",
    "menu:edit_marker:object": "Object",
    "menu:edit_marker:object_model": "Model",
    "menu:edit_marker:object_rotation_pitch": "Pitch",
    "menu:edit_marker:object_rotation_roll": "Roll",
    "menu:edit_marker:object_rotation_yaw": "Yaw",

    "menu:grades_dialog:title": "Job hodnosti",

    "menu:edit_marker:temporary_garage:vehicle_spawnpoint": "Vozidlo Spawnpoint",
    "menu:edit_marker:temporary_garage:spawnpoint_heading": "Spawnpoint heading",
    "menu:edit_marker:temporary_garage:current_cooords_and_heading": "Aktualni souradnice a heading",
    "menu:edit_marker:temporary_garage:vehicle_model": "Vozidlo Model",
    "menu:edit_marker:temporary_garage:vehicle_name": "Vozidlo Name",
    "menu:edit_marker:temporary_garage:vehicle_primary_color": "Primarni barva",
    "menu:edit_marker:temporary_garage:vehicle_secondary_color": "Sekundarni barva",
    "menu:edit_marker:temporary_garage:vehicle_plate": "SPZ",
    "menu:edit_marker:temporary_garage:delete": "Vymazat",
    "menu:edit_marker:temporary_garage:new_vehicle_model": "Nove vozidlo model",
    "menu:edit_marker:temporary_garage:cant_be_empty": "Pole nesmi byt prazdne",
    "menu:edit_marker:temporary_garage:add_vehicle": "Pridat vozidlo",

    "menu:edit_marker:boss:can_wash_money": "Muze vyprat penize?",
    "menu:edit_marker:boss:return_percentage_after_wash": "Kolik procent se vrati zpet?",
    "menu:edit_marker:boss:add_money_to_society_account": "Vlozit penize do firmy",
    "menu:edit_marker:boss:can_withdraw_money": "Vybrat penize?",
    "menu:edit_marker:boss:can_deposit_money": "Vlozit penize?",
    "menu:edit_marker:boss:can_manage_employees": "Upravovat zamestnance?",
    "menu:edit_marker:boss:can_manage_wages": "Uprava platu a hodnosti?",
    "menu:edit_marker:boss:maximum_salary": "Upravovat vyplaty?",

    "menu:edit_marker:shop:add_to_shop": "Pridat do obchodu",
    "menu:edit_marker:shop:item_id": "Item ID",
    "menu:edit_marker:shop:item_price": "Item cena",
    "menu:edit_marker:shop:black_money": "Spinave penize",
    "menu:edit_marker:shop:remove_item": "Odstranit item",

    "menu:edit_marker:garage_buyable:vehicle_spawnpoint": "Vozidlo Spawnpoint",
    "menu:edit_marker:garage_buyable:spawnpoint_heading": "Spawnpoint heading",
    "menu:edit_marker:garage_buyable:current_cooords_and_heading": "Aktualni souradnice a heading",
    "menu:edit_marker:garage_buyable:new_vehicle_model": "Nove vozidlo model",
    "menu:edit_marker:garage_buyable:add_vehicle": "Pridej vozidlo",
    
    "menu:edit_marker:garage_owned:vehicle_spawnpoint": "Vozidlo Spawnpoint",
    "menu:edit_marker:garage_owned:spawnpoint_heading": "Spawnpoint heading",
    "menu:edit_marker:garage_owned:current_cooords_and_heading": "Aktualni souradnice a heading",

    "menu:edit_marker:crafting_table:create_new_craft": "Vytvorit crafting",

    "menu:edit_marker:armory:is_armory_shared": "Je zbrojnice sdilena?",
    "menu:edit_marker:armory:max_ammo_when_take": "Pocet munice pri vybrani?",
    "menu:edit_marker:armory:delete_armory_content": "Vymazat obsah zbrojnice",

    "menu:edit_marker:stash:delete_stash_content": "Vymazat obsah",

    "menu:edit_marker:job_outfit:create_new_outfit": "Vytvorit novy outfit",

    "menu:edit_marker:teleport:teleport_to": "Teleport na",
    "menu:edit_marker:teleport:current_coords": "Aktualni souradnice",

    "menu:edit_marker:market:item_id": "Item ID",
    "menu:edit_marker:market:item_min_price": "Item minimalni cena",
    "menu:edit_marker:market:item_max_price": "Item maximalni cena",
    "menu:edit_marker:market:black_money": "Spinave penize?",
    "menu:edit_marker:market:time_to_sell": "Cas prodeje",
    "menu:edit_marker:market:remove": "Odstranit",
    "menu:edit_marker:market:add_item": "Pridat item",
    "menu:edit_marker_market:society_percentage": "Kolik procent jde zpet do frakce?",

    "menu:edit_marker:harvest:requires_a_tool": "Potrebujes predmet?",
    "menu:edit_marker:harvest:tool_to_harvest": "Predmet na sbirani?",
    "menu:edit_marker:harvest:lose_on_use": "Po pouziti predmet odebrat?",
    "menu:edit_marker:harvest:quantity_to_lose": "Pocet",
    "menu:edit_marker:harvest:probability_to_lose": "Nahoda ztraty",
    "menu:edit_marker:harvest:disappear_after_use": "Po pouziti se odebere",
    "menu:edit_marker:harvest:disappear_seconds": "Odebrat sekundy",
    "menu:edit_marker:harvest:animations": "Animace",
    "menu:edit_marker:harvest:add_item": "Pridat item",

    "menu:edit_marker:process:remove_item": "Odstranit item",
    "menu:edit_marker:process:give_item": "Dat item",
    "menu:edit_marker:process:time_to_process": "Cas procesu",
    "menu:edit_marker:process:animations": "Animace",

    "menu:edit_marker:weapon_upgrader:extended_clip": "Extended Clip",
    "menu:edit_marker:weapon_upgrader:drum_clip": "Drum Clip",
    "menu:edit_marker:weapon_upgrader:flashlight": "Flashlight",
    "menu:edit_marker:weapon_upgrader:suppressor": "Suppressor",
    "menu:edit_marker:weapon_upgrader:scope": "Scope",
    "menu:edit_marker:weapon_upgrader:advanced_scope": "Advanced Scope",
    "menu:edit_marker:weapon_upgrader:grip": "Grip",
    "menu:edit_marker:weapon_upgrader:box_clip": "Box Clip",
    "menu:edit_marker:weapon_upgrader:luxary_finish": "Luxary Finish",
    "menu:edit_marker:weapon_upgrader:default_tint": "Default tint",
    "menu:edit_marker:weapon_upgrader:green_tint": "Green tint",
    "menu:edit_marker:weapon_upgrader:gold_tint": "Gold tint",
    "menu:edit_marker:weapon_upgrader:pink_tint": "Pink tint",
    "menu:edit_marker:weapon_upgrader:army_tint": "Army tint",
    "menu:edit_marker:weapon_upgrader:lspd_tint": "LSPD tint",
    "menu:edit_marker:weapon_upgrader:orange_tint": "Orange tint",
    "menu:edit_marker:weapon_upgrader:platinum_tint": "Platinum tint",

    "menu:edit_marker:job_shop:job_allowed_to_sell": "Job ktery muze prodavat veci",
    "menu:edit_marker:job_shop:allowed_job": "Povolene joby pro prodej",
    "menu:edit_marker:job_shop:minimum_grade": "Minimalni hodnost",

    "menu:edit_marker:delete_marker": "Vymazat marker",
    "menu:edit_marker:close": "Zavrit",
    "menu:edit_marker:save": "Ulozit",

    "menu:input_text:close": "Zavrit",
    "menu:input_text:confirm": "Potvrdit",

    "menu:notification:notification": "Notifikace",
    "menu:notification:close": "Zavrit",

    "menu:not_allowed:you_are_not_allowed": "Na pouzivani nemas dostatecna opravneni",
    "menu:not_allowed:if_you_are_admin": "Pokud jste spravce ,pridejte prosim add_ace do souboru server.cfg ve vasem serveru",

    "menu:animations:animations": "Animace",
    "menu:animations:add_animation": "Pridat animaci",
    "menu:animations:close": "Zavrit",
    "menu:animations:save": "Ulozit",

    "menu:dynamic:create_new_job": "Vytvorit novy job",
    "menu:dynamic:new_job_label": "Novy job info:",
    "menu:dynamic:new_job_name": "Jmeno jobu (id):",

    "menu:dynamic:delete_job": "Vymazat job",
    "menu:dynamic:delete_job_confirm": "Opravdu chcete smazat?",

    "menu:dynamic:job_markers:create_marker": "Vytvorit marker",
    "menu:dynamic:job_markers:label": "Popis",
    "menu:dynamic:job_markers:coord_x": "Coord X",
    "menu:dynamic:job_markers:coord_y": "Coord Y",
    "menu:dynamic:job_markers:coord_z": "Coord Z",
    "menu:dynamic:job_markers:current_coords": "Aktualni souradnice",
    "menu:dynamic:job_markers:min_grade": "Minimalni hodnost",

    "menu:dynamic:public_markers:create_public_marker": "Vytvorit verejny marker",
    "menu:dynamic:public_markers:label": "Popis",
    "menu:dynamic:public_markers:coord_x": "Coord X",
    "menu:dynamic:public_markers:coord_y": "Coord Y",
    "menu:dynamic:public_markers:coord_z": "Coord Z",
    "menu:dynamic:public_markers:current_coords": "Aktualni souradnice",

    "menu:dynamic:harvest:name": "Jmeno (ID)",
    "menu:dynamic:harvest:min_quantity": "Minimalne mnozstvi",
    "menu:dynamic:harvest:max_quantity": "Maximalne mnozstvi",
    "menu:dynamic:harvest:time_to_harvest": "Cas sbirani (sekundy)",
    "menu:dynamic:harvest:probabilty": "Uspesnost",

    "menu:dynamic:default": "Puvodni",

    "menu:dynamic:animations:animation_dictionary": "Animace nastaveni:",
    "menu:dynamic:animations:animation_name": "Animace jmeno:",
    "menu:dynamic:animations:animation_duration": "Cas animace (sekundy):",
    "menu:dynamic:animations:scenario_name": "Scenario nazev",
    "menu:dynamic:animations:scenario_duration": "Cas scenario (sekundy):",
    "menu:dynamic:animations:remove": "Odstranit",

    "menu:dynamic:marker_info:stash": "Sklad",
    "menu:dynamic:marker_info:stash_settings": "Sklad nastaveni",
    "menu:dynamic:marker_info:armory": "Zbrojnice",
    "menu:dynamic:marker_info:armory_settings": "Zbrojnice nastaveni",
    "menu:dynamic:marker_info:safe": "Trezor",
    "menu:dynamic:marker_info:temporary_garage": "Garaz - Job vozidla",
    "menu:dynamic:marker_info:temporary_garage_settings": "Garaz nastaveni",
    "menu:dynamic:marker_info:garage_buyable": "Garaz - Koupeni vozidla",
    "menu:dynamic:marker_info:garage_buyable_settings": "Garaz nastaveni",
    "menu:dynamic:marker_info:garage_owned": "Vlastnene vozidla",
    "menu:dynamic:marker_info:garage_owned_settings": "Garaz nastaveni",
    "menu:dynamic:marker_info:boss": "Boss",
    "menu:dynamic:marker_info:boss_settings": "Boss nastaveni",
    "menu:dynamic:marker_info:wardrobe": "Satnik - Hrac ulozene outfity",
    "menu:dynamic:marker_info:job_outfit": "Job Outfit",
    "menu:dynamic:marker_info:job_outfit_settings": "Outfity",
    "menu:dynamic:marker_info:shop": "Obchod (Koupit itemy)",
    "menu:dynamic:marker_info:shop_settings": "Obchod itemy",
    "menu:dynamic:marker_info:market": "Obchod (Prodej itemu)",
    "menu:dynamic:marker_info:market_settings": "Obchod itemy",
    "menu:dynamic:marker_info:harvest": "Misto pro sber",
    "menu:dynamic:marker_info:harvest_settings": "Itemy na sber",
    "menu:dynamic:marker_info:process": "Misto pro vyrobu",
    "menu:dynamic:marker_info:process_settings": "Proces itemu",
    "menu:dynamic:marker_info:crafting_table": "Crafting stul",
    "menu:dynamic:marker_info:crafting_table_settings": "Vytvorit nastaveni",
    "menu:dynamic:marker_info:teleport": "Misto teleportu",
    "menu:dynamic:marker_info:teleport_settings": "Teleport nastaveni",
    "menu:dynamic:marker_info:weapon_upgrader": "Zbrane uprava",
    "menu:dynamic:marker_info:weapon_upgrader_settings": "Ceny komponentu/odstin",
    "menu:dynamic:marker_info:duty": "On/Off Duty",
    "menu:dynamic:marker_info:job_shop": "Job Obchod",
    "menu:dynamic:marker_info:job_shop_settings": "Obchod nastaveni",

    "menu:dynamic:marker:crafting_table:time_to_craft": "Cas vyroby (sekundy)",
    "menu:dynamic:marker:crafting_table:result_item": "Vysledny item",
    "menu:dynamic:marker:crafting_table:quantity": "Mnozstvi",
    "menu:dynamic:marker:crafting_table:item_id": "Item ID",
    "menu:dynamic:marker:crafting_table:item_quantity": "Item mnozstvi",
    "menu:dynamic:marker:crafting_table:lose_on_use": "Odebrat po pouziti",
    "menu:dynamic:marker:crafting_table:remove": "Odstranit",
    "menu:dynamic:marker:crafting_table:animations": "Animace",
    "menu:dynamic:marker:crafting_table:add_to_craft": "Pridat do vyroby",
    "menu:dynamic:marker:crafting_table:remove_craft": "Odstranit z vyroby",

    "menu:dynamic:marker:temporary_garage:delete": "Vymazat",
    "menu:dynamic:marker:temporary_garage:random_plate": "Nahodna znacka",

    "menu:datatable:lengthMenu": "Zobrazenie _MENU_ vysledky",
    "menu:datatable:zeroRecords": "Zadne vysledky",
    "menu:datatable:info": "Zobrazeni _STRANKA_ z _STRANOK_",
    "menu:datatable:infoEmpty": "Nic nebylo nalezeno",
    "menu:datatable:infoFiltered": "(filtrace z _MAX_ vysledku)",
    "menu:datatable:search": "Hledej:",
    "menu:datatable:next": "Dalsi",
    "menu:datatable:previous": "Zpet",

    "menu:chart:players_in_rank": "Hraci v poradi",

    "menu:settings:useBillingUI": "Pouzit na faktury integraci Billing_UI",
    "menu:settings:player_menu_position": "Hrac menu pozice",
    "menu:settings:player_menu_position:bottom_right": "Vpravo dole",
    "menu:settings:player_menu_position:top_right": "Vpravo hore",
    "menu:settings:player_menu_position:right": "Vpravo",
    "menu:settings:player_menu_position:bottom_left": "Vlevo dole",
    "menu:settings:player_menu_position:top_left": "Vlevo nahore",
    "menu:settings:player_menu_position:left": "Vlevo",
    "menu:settings:max_distance_marker": "Maximalny vzdalenost markeru",
    "menu:settings:use3Dtext": "Pouzit 3D text na markery",
    "menu:settings:text_size": "Text velikost",
    "menu:settings:font_to_use": "Pismo",
    "menu:settings:seconds_to_lockpick_car": "Pocet sekund na vypaceni zamku",
    "menu:settings:vehicle_alarm": "Zapnout alarm pokud je vozidlo prave kradeno?",
    "menu:settings:jsfour_idcard": "Na zobrazenie ID karty pouzite skript jsfour-idcard (pokud ho pouzivate).",
    "menu:settings:can_use_actions_off_duty": "Muze hrac pouzit F6 pokud je OFFDUTY?",
    "menu:settings:car_driving_licenses_ids": "ID ridiskeho prukazu",
    "menu:settings:weapon_licenses_ids": "ID zbrojnich prukazu",
    "menu:settings:new_driving_license": "Nova ridicska licence",
    "menu:settings:add": "Pridat",
    "menu:settings:new_weapon_license": "Novy zbrojni prukaz",
    "menu:settings:can_sell_multiple_items": "Muze prodat vice veci a itemu najednou?",
    "menu:settings:language": "Jazyk",
    "menu:settings:allow_afk_farming": "Zapnout automaticky sber a predelavani (povolit AFK farming)",
    "menu:settings:unemployed_job_id": "ID unemployed jobu",
    "menu:settings:unemployed_job_grade": "Unemployed hodnost (default = 0)",
    "menu:settings:ace_permission": "ACE povoleni",

    "menu:settings:enable_discord_logs": "Povolit LOG na Discord",
    "menu:settings:discord_webhooks": "Discord WEBHOOK",
    "menu:settings:main_webhook": "Hlavni WEBHOOK",
    "menu:settings:separated_webhooks": "Separovane WEBHOOKY",

    "menu:settings:handcuffs_requires_item": "Predmet pro zpoutani?",
    "menu:settings:handcuffs_item_name": "Pouta - nazev itemu ",
    "menu:settings:freeze_when_handcuffed": "Zmrazit hrace po zpoutani",

    "menu:settings:lockpick_requires_item": "Predmet pro kradeze vozidel?",
    "menu:settings:lockpick_item_name": "Lockpick item nazev",
    "menu:settings:lockpickRemoveOnUse": "Odebrat predmet po pouziti?",

    "menu:settings:robbable_accounts": "Vykradnutelne ucty",
    "menu:settings:new_robbable_account": "Novy ucet",
    "menu:settings:canAlwaysCarryItem": "Vzdy muze mit predmety (canCarryItem)",
    "menu:settings:accounts_depositable_in_safe": "Povolit ulozeni penez do trezoru",
    "menu:settings:enable_cash_in_safes_old_esx": "Povolit ulozeni penez do trezoru pro starsi verzi ESX",

    "menu:settings:vehicle_reparation": "Vozidla opravy",
    "menu:settings:repair_vehicle_requires_item": "Opravovat vozidlo s predmetem",
    "menu:settings:repair_vehicle_item_name": "Fixkit item nazev",
    "menu:settings:lose_fixkit_on_use": "Vymazat fixkit po pouziti",

    "menu:settings:vehicle_cleaning": "Vozidlo umyvani",
    "menu:settings:clean_vehicle_requires_item": "Je potreba predmet pro umyti?",
    "menu:settings:clean_vehicle_item_name": "Nazev predmetu",
    "menu:settings:lose_sponge_on_use": "Vymazat predmet po pouziti",

    "menu:settings:healing": "Osetreni",
    "menu:settings:healing_requires_item": "Potrebujes predmet pro leceni?",
    "menu:settings:healing_item_name": "Nazev predmetu",
    "menu:settings:lose_bandage_on_use": "Vymazat predmet po pouziti",

    "menu:settings:reviving": "Oziveni hrace",
    "menu:settings:reviving_requires_item": "Je potreba pro oziveni predmet?",
    "menu:settings:reviving_item_name": "Nazev predmetu",
    "menu:settings:lose_medikit_on_use": "Vymazat predmet po pouziti",

    "menu:settings:enable_property_outfits": "Povolit outfity v property",

    "menu:settings:apply_changes": "Pouzit zmeny",
    "menu:settings:restore_default_config": "Obnovit zakladni nastaveni",
    "menu:are_you_sure_to_restore_settings": "Opravdu chces nastavit na puvodni nastaveni scriptu?",

    "menu:items_dialog:title": "Itemy seznam",
    "menu:items_dialog:search_item": "Hledej predmet",
    
    "menu:weapons_dialog:title": "Zbrane seznam",
    "menu:weapons_dialog:search_weapon": "Hledej zbran",

    "menu:dialog:choose_item": "Vybrat item",
    "menu:dialog:choose_weapon": "Vybrat zbran",

    "menu:settings:actions_menu_key": "Klavesa pro otevreni menu",

    "menu:settings:park_all_owned_vehicles_on_restart": "Zaparkovat vozidla na serveru pri restartu serveru?",

    "menu:account_name": "Ucet nazev",
    "menu:accounts_dialog:title": "Ucet seznam",
    "menu:minimum_amount": "Minimalni suma",
    
    "menu:edit_marker:requires_minimum_account_money": "Vyzadovat nejake penize na uctu?"
}