{
    "menu:jobs": "<i class=\"bi bi-briefcase-fill\"></i> Jobs",
    "menu:public_markers": "<i class=\"bi bi-suit-diamond-fill\"></i> offetlige markers",
    "menu:statistics": "<i class=\"bi bi-bar-chart-fill\"></i> Statistikker",
    "menu:settings": "<i class=\"bi bi-gear-fill\"></i> Indstillinger",

    "menu:create_new_job": "Lav nyt job",

    "menu:job_label": "Job label",
    "menu:job_id": "Job ID",
    "menu:ranks": "Stillinger",

    "menu:create_new_marker": "Lav ny marker",

    "menu:marker:id": "ID",
    "menu:marker:label": "Label",
    "menu:marker:type": "Type",
    "menu:marker:x": "X",
    "menu:marker:y": "Y",
    "menu:marker:z": "Z",
    "menu:marker:minimum_grade": "Minimum stilling",

    "menu:online_players": "Online spillere",
    "menu:total_players": "Alle Spillere",
    "menu:society_money": "Firma penge",

    "menu:job:ranks": "<i class=\"bi bi-briefcase-fill\"></i> Stillinger",
    "menu:job:markers": "<i class=\"bi bi-suit-diamond-fill\"></i> Markers",
    "menu:job:statistics": "<i class=\"bi bi-bar-chart-fill\"></i> Statistikker",
    "menu:job:settings": "<i class=\"bi bi-gear-fill\"></i> Indstillinger",

    "menu:create_new_rank": "Lav ny stilling",

    "menu:rank:id": "ID",
    "menu:rank:label": "Label",
    "menu:rank:name": "Navn",
    "menu:rank:grade": "Grad",
    "menu:rank:salary": "Løn",

    "menu:job_settings:whitelisted": "Whitelisted",
    "menu:job_settings:enable_billing": "Kan skrive regninger",
    "menu:job_settings:enable_search_players": "Kan røve/visitere spillere",
    "menu:job_settings:enable_handcuff_players": "Kan bruge håndjern",
    "menu:job_settings:enable_lockpick_players": "Kan dirke låse",
    "menu:job_settings:enable_wash_vehicles": "Kan vaske køretøjer",
    "menu:job_settings:enable_repair_vehicles": "Kan lave køretøjer",
    "menu:job_settings:enable_impound_vehicles": "Kan beslaglægge biler",
    "menu:job_settings:enable_check_identities": "Kan tjekke id",
    "menu:job_settings:enable_check_vehicle_owner": "Kan tjekker køretøjsejer",
    "menu:job_settings:enable_check_driving_license": "Kan tjekke kørekort",
    "menu:job_settings:enable_check_weapon_license": "Kan tjekke jagtegn",
    "menu:job_settings:enable_heal": "Kan heale",
    "menu:job_settings:enable_revive": "Kan kurer",

    "menu:job_settings:delete_job": "Slet job",
    "menu:job_settings:save_changes": "Gem ændringer",

    "menu:rank_creation:create_rank": "Lav ny stilling",
    "menu:rank_creation:label": "Label",
    "menu:rank_creation:name": "Navn (id)",
    "menu:rank_creation:grade": "Grad",
    "menu:rank_creation:salary": "Løn",
    "menu:rank_creation:close": "Luk",
    "menu:rank_creation:create": "Lav",

    "menu:rank_edit:edit": "Rediger stilling",
    "menu:rank_edit:label": "Label",
    "menu:rank_edit:name_id": "Navn (id)",
    "menu:rank_edit:grade": "Stilling",
    "menu:rank_edit:salary": "Løn",
    "menu:rank_edit:delete": "Slet",
    "menu:rank_edit:close": "Luk",
    "menu:rank_edit:save": "Gem",

    "menu:delete_dialog:delete": "Slet",
    "menu:delete_dialog:close": "Luk",

    "menu:edit_marker:edit_marker": "Rediger marker",
    "menu:edit_marker:label": "Label",
    "menu:edit_marker:marker_type": "Marker Type",
    "menu:edit_marker:minimum_grade": "Minimum Stilling",
    "menu:edit_marker:specific_grades": "Specifik stilling",
    "menu:edit_marker:choose_grades": "Vælg Stillinger",
    "menu:edit_marker:use_minimum_grade": "Brug minimum stilling",
    "menu:edit_marker:use_specific_grades": "Brug specifik stilling",
    "menu:edit_marker:marker_size": "Marker størrelse",
    "menu:edit_marker:scale_x": "Scale X",
    "menu:edit_marker:scale_y": "Scale Y",
    "menu:edit_marker:scale_z": "Scale Z",
    "menu:edit_marker:marker_coordinates": "Marker kordinater",
    "menu:edit_marker:coord_x": "Coord X",
    "menu:edit_marker:coord_y": "Coord Y",
    "menu:edit_marker:coord_z": "Coord Z",
    "menu:edit_marker:current_coords": "Nuværende kordinater",
    "menu:edit_marker:marker_color": "Marker farve",
    "menu:edit_marker:marker_opacity": "Marker synlighed",
    "menu:edit_marker:map_blip": "Map blip",
    "menu:edit_marker:blip_sprite": "Sprite",
    "menu:edit_marker:blip_color": "Color",
    "menu:edit_marker:blip_scale": "Scale",
    "menu:edit_marker:standing_npc": "Stående NPC",
    "menu:edit_marker:npc_model": "Model",
    "menu:edit_marker:npc_heading": "Rotation",
    "menu:edit_marker:npc_current_heading": "Nuværende rotation",
    "menu:edit_marker:object": "Objekt",
    "menu:edit_marker:object_model": "Model",
    "menu:edit_marker:object_rotation_pitch": "Pitch",
    "menu:edit_marker:object_rotation_roll": "Roll",
    "menu:edit_marker:object_rotation_yaw": "Yaw",

    "menu:grades_dialog:title": "Job Stillinger",

    "menu:edit_marker:temporary_garage:vehicle_spawnpoint": "Køretøj spawnpunkt",
    "menu:edit_marker:temporary_garage:spawnpoint_heading": "Spawnpunkt rotation",
    "menu:edit_marker:temporary_garage:current_cooords_and_heading": "Nurværende kordinater og rotation",
    "menu:edit_marker:temporary_garage:vehicle_model": "Køretøj Model",
    "menu:edit_marker:temporary_garage:vehicle_name": "Køretøj Navn",
    "menu:edit_marker:temporary_garage:vehicle_primary_color": "Primær farve",
    "menu:edit_marker:temporary_garage:vehicle_secondary_color": "Sekunder farve",
    "menu:edit_marker:temporary_garage:vehicle_plate": "Nummerplade",
    "menu:edit_marker:temporary_garage:delete": "Slet",
    "menu:edit_marker:temporary_garage:new_vehicle_model": "Ny køretøjs model",
    "menu:edit_marker:temporary_garage:cant_be_empty": "Kan ikke være tom",
    "menu:edit_marker:temporary_garage:add_vehicle": "Tilføj køretøj",

    "menu:edit_marker:boss:can_wash_money": "Kan vaske penge?",
    "menu:edit_marker:boss:return_percentage_after_wash": "Retur procent efter hvidvask",
    "menu:edit_marker:boss:add_money_to_society_account": "Tilføj penge til firmakonto",
    "menu:edit_marker:boss:can_withdraw_money": "Kan hæve penge?",
    "menu:edit_marker:boss:can_deposit_money": "Kan indsætte penge?",
    "menu:edit_marker:boss:can_manage_employees": "Kan administere ansatte?",
    "menu:edit_marker:boss:can_manage_wages": "Kan administere ansatte løn?",
    "menu:edit_marker:boss:maximum_salary": "Maksimum løn",

    "menu:edit_marker:shop:add_to_shop": "Tilføj til shop",
    "menu:edit_marker:shop:item_id": "Genstand ID",
    "menu:edit_marker:shop:item_price": "Genstand pris",
    "menu:edit_marker:shop:black_money": "Sorte penge",
    "menu:edit_marker:shop:remove_item": "Fjern genstand",

    "menu:edit_marker:garage_buyable:vehicle_spawnpoint": "Køretøj spawnpunkt",
    "menu:edit_marker:garage_buyable:spawnpoint_heading": "Spawnpunkt rotation",
    "menu:edit_marker:garage_buyable:current_cooords_and_heading": "Nuværende kordinater og rotation",
    "menu:edit_marker:garage_buyable:new_vehicle_model": "Ny køretøjs model",
    "menu:edit_marker:garage_buyable:add_vehicle": "Tilføj køretøj",

    "menu:edit_marker:garage_owned:vehicle_spawnpoint": "Køretøj spawnpunkt",
    "menu:edit_marker:garage_owned:spawnpoint_heading": "Spawnpunkt rotation",
    "menu:edit_marker:garage_owned:current_cooords_and_heading": "Nuværende kordinater og rotation",

    "menu:edit_marker:crafting_table:create_new_craft": "Lav ny crafting-opskrift",

    "menu:edit_marker:armory:is_armory_shared": "Er våbenskab delt melle spillere?",
    "menu:edit_marker:armory:max_ammo_when_take": "Maks ammunition der kan tages?",
    "menu:edit_marker:armory:delete_armory_content": "Slet våbenskabs indhold",

    "menu:edit_marker:stash:delete_stash_content": "Slet kiste indhold",

    "menu:edit_marker:job_outfit:create_new_outfit": "Lav nyt outfit",

    "menu:edit_marker:teleport:teleport_to": "Teleporter til",
    "menu:edit_marker:teleport:current_coords": "Nuværende kordinater",

    "menu:edit_marker:market:item_id": "Item ID",
    "menu:edit_marker:market:item_min_price": "Genstand minimum pris",
    "menu:edit_marker:market:item_max_price": "Genstand maksimum pris",
    "menu:edit_marker:market:black_money": "Sorte penge?",
    "menu:edit_marker:market:time_to_sell": "Hvor lang tid tager det at sælge",
    "menu:edit_marker:market:remove": "Fjern",
    "menu:edit_marker:market:add_item": "Tilføj genstand",
    "menu:edit_marker_market:society_percentage": "Procentdel firmaet vil modtage",

    "menu:edit_marker:harvest:requires_a_tool": "Kræver værktøj?",
    "menu:edit_marker:harvest:tool_to_harvest": "Værktøj der bruges til at høste",
    "menu:edit_marker:harvest:lose_on_use": "Fjern når det bruges?",
    "menu:edit_marker:harvest:quantity_to_lose": "Mængde der skal mistes",
    "menu:edit_marker:harvest:probability_to_lose": "Chance for at miste",
    "menu:edit_marker:harvest:disappear_after_use": "Fjern efter brug",
    "menu:edit_marker:harvest:disappear_seconds": "Fjern efter hvor mange sekunder",
    "menu:edit_marker:harvest:animations": "Animationer",
    "menu:edit_marker:harvest:add_item": "Tilføj genstand",

    "menu:edit_marker:process:remove_item": "Fjern genstand",
    "menu:edit_marker:process:give_item": "Giv genstand",
    "menu:edit_marker:process:time_to_process": "Tid",
    "menu:edit_marker:process:animations": "Animationer",

    "menu:edit_marker:weapon_upgrader:extended_clip": "Udvidet magazin",
    "menu:edit_marker:weapon_upgrader:drum_clip": "Drum magazin",
    "menu:edit_marker:weapon_upgrader:flashlight": "Lommelygte",
    "menu:edit_marker:weapon_upgrader:suppressor": "Lyddæmper",
    "menu:edit_marker:weapon_upgrader:scope": "Sigtekorn",
    "menu:edit_marker:weapon_upgrader:advanced_scope": "Advanceret sigtekorn",
    "menu:edit_marker:weapon_upgrader:grip": "Greb",
    "menu:edit_marker:weapon_upgrader:box_clip": "Boks magazin",
    "menu:edit_marker:weapon_upgrader:luxary_finish": "Luxary Finish",
    "menu:edit_marker:weapon_upgrader:default_tint": "Standard farve",
    "menu:edit_marker:weapon_upgrader:green_tint": "Grøn farve",
    "menu:edit_marker:weapon_upgrader:gold_tint": "Guld farve",
    "menu:edit_marker:weapon_upgrader:pink_tint": "Pink farve",
    "menu:edit_marker:weapon_upgrader:army_tint": "Militær farve",
    "menu:edit_marker:weapon_upgrader:lspd_tint": "LSPD farve",
    "menu:edit_marker:weapon_upgrader:orange_tint": "Orange farve",
    "menu:edit_marker:weapon_upgrader:platinum_tint": "Platinum farve",

    "menu:edit_marker:job_shop:job_allowed_to_sell": "Genstande jobbet kan sælge",
    "menu:edit_marker:job_shop:allowed_job": "Tilladte jobs det kan sælge",
    "menu:edit_marker:job_shop:minimum_grade": "Minimum stilling der kan sælge",

    "menu:edit_marker:delete_marker": "Slet marker",
    "menu:edit_marker:close": "Luk",
    "menu:edit_marker:save": "Gem",

    "menu:input_text:close": "Luk",
    "menu:input_text:confirm": "Godkend",

    "menu:notification:notification": "Notifikation",
    "menu:notification:close": "Luk",

    "menu:not_allowed:you_are_not_allowed": "Du har ikke tilladelse til at bruge denne menu",
    "menu:not_allowed:if_you_are_admin": "Hvis du er server admin skal du tilføje ACE tilladelser til server.cfg",

    "menu:animations:animations": "Animationer",
    "menu:animations:add_animation": "Tilføj animation",
    "menu:animations:close": "Luk",
    "menu:animations:save": "Gem",

    "menu:dynamic:create_new_job": "Lav nyt job",
    "menu:dynamic:new_job_label": "Nyt job label:",
    "menu:dynamic:new_job_name": "Nyt job navn (id):",

    "menu:dynamic:delete_job": "Slet job",
    "menu:dynamic:delete_job_confirm": "Er du sikker på at du vil slette det job?",

    "menu:dynamic:job_markers:create_marker": "Lav marker",
    "menu:dynamic:job_markers:label": "Label",
    "menu:dynamic:job_markers:coord_x": "Coord X",
    "menu:dynamic:job_markers:coord_y": "Coord Y",
    "menu:dynamic:job_markers:coord_z": "Coord Z",
    "menu:dynamic:job_markers:current_coords": "Nuværende kordinater",
    "menu:dynamic:job_markers:min_grade": "Minimum stilling",

    "menu:dynamic:public_markers:create_public_marker": "Lav offenligt marker",
    "menu:dynamic:public_markers:label": "Label",
    "menu:dynamic:public_markers:coord_x": "Coord X",
    "menu:dynamic:public_markers:coord_y": "Coord Y",
    "menu:dynamic:public_markers:coord_z": "Coord Z",
    "menu:dynamic:public_markers:current_coords": "Nurværende kordinater",

    "menu:dynamic:harvest:name": "Navn (ID)",
    "menu:dynamic:harvest:min_quantity": "Minimum mængde",
    "menu:dynamic:harvest:max_quantity": "Maksimum mængde",
    "menu:dynamic:harvest:time_to_harvest": "Tid det tager at høste (sekunder)",
    "menu:dynamic:harvest:probabilty": "Chance for at finde",

    "menu:dynamic:default": "Standard",

    "menu:dynamic:animations:animation_dictionary": "Animations liste:",
    "menu:dynamic:animations:animation_name": "Animations navn:",
    "menu:dynamic:animations:animation_duration": "Animation varighed (Sekunder):",
    "menu:dynamic:animations:scenario_name": "Scenarie navn",
    "menu:dynamic:animations:scenario_duration": "Scenarie varighed (Sekunder):",
    "menu:dynamic:animations:remove": "Fjen",

    "menu:dynamic:marker_info:stash": "Kiste",
    "menu:dynamic:marker_info:stash_settings": "Kiste indstillinder",
    "menu:dynamic:marker_info:armory": "Våbenskab",
    "menu:dynamic:marker_info:armory_settings": "Våbenskabs indstillinger",
    "menu:dynamic:marker_info:safe": "Pengeskab",
    "menu:dynamic:marker_info:temporary_garage": "Garage - Midlertidige køretøjer",
    "menu:dynamic:marker_info:temporary_garage_settings": "Garage indstillinger",
    "menu:dynamic:marker_info:garage_buyable": "Garage - Bil Butiks garage",
    "menu:dynamic:marker_info:garage_buyable_settings": "Garage indstillinger",
    "menu:dynamic:marker_info:garage_owned": "Ejet Køretøjer",
    "menu:dynamic:marker_info:garage_owned_settings": "Garage indstillinger",
    "menu:dynamic:marker_info:boss": "Boss",
    "menu:dynamic:marker_info:boss_settings": "Boss indstillinger",
    "menu:dynamic:marker_info:wardrobe": "Garderobe - Spiller gemte outfits",
    "menu:dynamic:marker_info:job_outfit": "Job outfits",
    "menu:dynamic:marker_info:job_outfit_settings": "Outfits",
    "menu:dynamic:marker_info:shop": "Butik (Køb genstande)",
    "menu:dynamic:marker_info:shop_settings": "Butiks genstande",
    "menu:dynamic:marker_info:market": "Marked (Sælg genstande)",
    "menu:dynamic:marker_info:market_settings": "Marked genstande",
    "menu:dynamic:marker_info:harvest": "Høste punkt",
    "menu:dynamic:marker_info:harvest_settings": "Genstande der kan høstes",
    "menu:dynamic:marker_info:process": "Omdaningspunkr",
    "menu:dynamic:marker_info:process_settings": "Omdanlige genstande",
    "menu:dynamic:marker_info:crafting_table": "Arbejdsbord (craft)",
    "menu:dynamic:marker_info:crafting_table_settings": "Crafting opskrifte",
    "menu:dynamic:marker_info:teleport": "Teleporterings punkter",
    "menu:dynamic:marker_info:teleport_settings": "Teleporterings indstillinger",
    "menu:dynamic:marker_info:weapon_upgrader": "Våben reparering/upgrader",
    "menu:dynamic:marker_info:weapon_upgrader_settings": "Komponenter/Farve priser",
    "menu:dynamic:marker_info:duty": "Af/på job",
    "menu:dynamic:marker_info:job_shop": "Job butik",
    "menu:dynamic:marker_info:job_shop_settings": "Butik - indstillinger",

    "menu:dynamic:marker:crafting_table:time_to_craft": "Tid at lave (sekunder)",
    "menu:dynamic:marker:crafting_table:result_item": "Modtagende genstand",
    "menu:dynamic:marker:crafting_table:quantity": "Mængde",
    "menu:dynamic:marker:crafting_table:item_id": "Item ID",
    "menu:dynamic:marker:crafting_table:item_quantity": "Genstands mængde",
    "menu:dynamic:marker:crafting_table:lose_on_use": "Fjern ved brug",
    "menu:dynamic:marker:crafting_table:remove": "Fjern",
    "menu:dynamic:marker:crafting_table:animations": "Animationer",
    "menu:dynamic:marker:crafting_table:add_to_craft": "Tilføj til crafing",
    "menu:dynamic:marker:crafting_table:remove_craft": "Fjern craft",

    "menu:dynamic:marker:temporary_garage:delete": "Slet",
    "menu:dynamic:marker:temporary_garage:random_plate": "Tilfældig nummerplade",

    "menu:datatable:lengthMenu": "Vis _MENU_ resultater",
    "menu:datatable:zeroRecords": "Ingen resultater",
    "menu:datatable:info": "Vise _PAGE_ af _PAGES_",
    "menu:datatable:infoEmpty": "Ingen resultater",
    "menu:datatable:infoFiltered": "(Fitreret fra _MAX_ resultater)",
    "menu:datatable:search": "Søg:",
    "menu:datatable:next": "Næste",
    "menu:datatable:previous": "Forrige",

    "menu:chart:players_in_rank": "Spiller i stilling",

    "menu:settings:useBillingUI": "Brug Billing UI interface til at lave regninger",
    "menu:settings:player_menu_position": "Spiller menu postion",
    "menu:settings:player_menu_position:bottom_right": "Bund højre",
    "menu:settings:player_menu_position:top_right": "Top højre",
    "menu:settings:player_menu_position:right": "Højre",
    "menu:settings:player_menu_position:bottom_left": "Bund venstre",
    "menu:settings:player_menu_position:top_left": "Top venstre",
    "menu:settings:player_menu_position:left": "Venstre",
    "menu:settings:max_distance_marker": "Maks distance maker kan blive set fra",
    "menu:settings:use3Dtext": "Brug 3D tekst istedet for markers",
    "menu:settings:text_size": "Tekst størrelse",
    "menu:settings:font_to_use": "Skrifttype",
    "menu:settings:seconds_to_lockpick_car": "Sekunder for at dirke lås op",
    "menu:settings:vehicle_alarm": "Aktiver bilalarm når den dirkes?",
    "menu:settings:jsfour_idcard": "Brug jsfour-idcard script (Hvis du har det) For at vise ID kort i check Identitet/køretøj lisens/våben lisens",
    "menu:settings:can_use_actions_off_duty": "Kan spillere bruge f6 menuen når de ikke er på job?",
    "menu:settings:car_driving_licenses_ids": "Kørekort IDs",
    "menu:settings:weapon_licenses_ids": "Jagtegn IDs",
    "menu:settings:new_driving_license": "Nyt kørekort",
    "menu:settings:add": "Tilføj",
    "menu:settings:new_weapon_license": "Nyt jagttegn",
    "menu:settings:can_sell_multiple_items": "Kan sælge forskellige genstande på marked?",
    "menu:settings:language": "Sprog:",
    "menu:settings:allow_afk_farming": "Aktiver automatisk høstning",
    "menu:settings:unemployed_job_id": "Arbejdsløs job id",
    "menu:settings:unemployed_job_grade": "Arbejdsløs job stillinge",
    "menu:settings:ace_permission": "ACE tilladelser",

    "menu:settings:enable_discord_logs": "Aktiver discord logs",
    "menu:settings:discord_webhooks": "Discord webhooks",
    "menu:settings:main_webhook": "Primær webhook",
    "menu:settings:separated_webhooks": "Separate webhooks",

    "menu:settings:handcuffs_requires_item": "Håndjern skal bruge genstand",
    "menu:settings:handcuffs_item_name": "Håndjern genstand navn",
    "menu:settings:freeze_when_handcuffed": "Frys spiller i håndjen",

    "menu:settings:lockpick_requires_item": "Dirkning af biler skal bruge genstand",
    "menu:settings:lockpick_item_name": "Lockpick item navn",
    "menu:settings:lockpickRemoveOnUse": "Fjern lockpick ved brug",

    "menu:settings:robbable_accounts": "Konto plyndring",
    "menu:settings:new_robbable_account": "Ny konto",
    "menu:settings:canAlwaysCarryItem": "Kan altid bære genstand",
    "menu:settings:accounts_depositable_in_safe": "Konto der kan indsættes i pengeskab",
    "menu:settings:enable_cash_in_safes_old_esx": "Aktiver penge i pengeskab for gamle ESX version",

    "menu:settings:vehicle_reparation": "Køretøjs reparation",
    "menu:settings:repair_vehicle_requires_item": "Reperaring af køretøj kræver genstand",
    "menu:settings:repair_vehicle_item_name": "Fixkit item navn",
    "menu:settings:lose_fixkit_on_use": "Fjern fixkit ved brug",

    "menu:settings:vehicle_cleaning": "køretøj rensning",
    "menu:settings:clean_vehicle_requires_item": "Rensning af køretøj skal bruge genstand",
    "menu:settings:clean_vehicle_item_name": "Sponge item navn",
    "menu:settings:lose_sponge_on_use": "Fjern sponge ved brug",

    "menu:settings:healing": "Healing",
    "menu:settings:healing_requires_item": "Healing skal bruge genstand",
    "menu:settings:healing_item_name": "Bandage item navn",
    "menu:settings:lose_bandage_on_use": "Fjern bandage ved brug",

    "menu:settings:reviving": "Genoplivning",
    "menu:settings:reviving_requires_item": "Genoplivning skal bruge genstand",
    "menu:settings:reviving_item_name": "Medikit item name",
    "menu:settings:lose_medikit_on_use": "Fjern medikit ved brug",

    "menu:settings:enable_property_outfits": "Aktiver outfits af egendom i garderobe-marker",

    "menu:settings:apply_changes": "Gem ændringer",
    "menu:settings:restore_default_config": "Gå tilbage til standard config",
    "menu:are_you_sure_to_restore_settings": "Er du sikker på at du vil gå tilbage til standard configgen?",

    "menu:items_dialog:title": "Genstands liste",
    "menu:items_dialog:search_item": "Søg genstand",

    "menu:weapons_dialog:title": "Våben liste",
    "menu:weapons_dialog:search_weapon": "Søg våben",

    "menu:dialog:choose_item": "Vælg genstand",
    "menu:dialog:choose_weapon": "Vælg våben",

    "menu:settings:actions_menu_key": "Knap for at åbne action menuen",

    "menu:settings:park_all_owned_vehicles_on_restart": "Parker alle spillerejet køretøjer ved genstart",

    "menu:account_name": "Konto navn",
    "menu:accounts_dialog:title": "Konto liste",
    "menu:minimum_amount": "Minimums pris",

    "menu:edit_marker:requires_minimum_account_money": "mindst penge på kontoen?"
}
