{
    "menu:jobs": "<i class=\"bi bi-briefcase-fill\"></i> Δουλειές",
    "menu:public_markers": "<i class=\"bi bi-suit-diamond-fill\"></i> Δημόσια Markers",
    "menu:statistics": "<i class=\"bi bi-bar-chart-fill\"></i> Στατιστικά",
    "menu:settings": "<i class=\"bi bi-gear-fill\"></i> Ρυθμίσεις",

    "menu:create_new_job": "Δημιουργήστε νέα δουλειά",

    "menu:job_label": "Όνομα δουλειάς",
    "menu:job_id": "Αναγνωριστικό δουλειάς(SetJob)",
    "menu:ranks": "Βαθμοί",

    "menu:create_new_marker": "Δημιουργία νέου Μarker",

    "menu:marker:id": "ID",
    "menu:marker:label": "Όνομα",
    "menu:marker:type": "Τύπος Marker",
    "menu:marker:x": "X",
    "menu:marker:y": "Y",
    "menu:marker:z": "Z",
    "menu:marker:minimum_grade": "Ελάχιστος βαθμός",

    "menu:online_players": "Ενεργοί παίκτες",
    "menu:total_players": "Σύνολο παικτών",
    "menu:society_money": "Χρήματα Επιχείρησης",

    "menu:job:ranks": "<i class=\"bi bi-briefcase-fill\"></i> Βαθμοί",
    "menu:job:markers": "<i class=\"bi bi-suit-diamond-fill\"></i> Markers",
    "menu:job:statistics": "<i class=\"bi bi-bar-chart-fill\"></i> Στατιστικά",
    "menu:job:settings": "<i class=\"bi bi-gear-fill\"></i> Ρυθμίσεις",

    "menu:create_new_rank": "Δημιουργία νέου Βαθμού",

    "menu:rank:id": "ID",
    "menu:rank:label": "Όνομα",
    "menu:rank:name": "Όνομα",
    "menu:rank:grade": "Βαθμός",
    "menu:rank:salary": "Μισθός",

    "menu:job_settings:whitelisted": "Public/Private",
    "menu:job_settings:enable_billing": "Ενεργοποίηση χρέωσης",
    "menu:job_settings:enable_search_players": "Ενεργοποίηση κλοπή/ψάξιμο παικτών",
    "menu:job_settings:enable_handcuff_players": "Ενεργοποίηση επιλογής για χειροπέδες",
    "menu:job_settings:enable_lockpick_players": "Ενεργοποίηση κλοπής οχήματως",
    "menu:job_settings:enable_wash_vehicles": "Ενεργοποίηση πλύσης οχήματως",
    "menu:job_settings:enable_repair_vehicles": "Ενεργοποίηση επισκευής οχήματως",
    "menu:job_settings:enable_impound_vehicles": "Ενεργοποίηση κατάσχεσης οχήματως",
    "menu:job_settings:enable_check_identities": "Ενεργοποίηση ελέγχου ταυτότητας",
    "menu:job_settings:enable_check_vehicle_owner": "Ενεργοποίηση ελέγχου ιδιοκτήτη οχήματος",
    "menu:job_settings:enable_check_driving_license": "Ενεργοποίηση ελέγχου άδειας οδήγησης",
    "menu:job_settings:enable_check_weapon_license": "Ενεργοποίηση ελέγχου άδειας όπλου",
    "menu:job_settings:enable_heal": "Ενεργοποίηση Heal",
    "menu:job_settings:enable_revive": "Ενεργοποίηση Revive",

    "menu:job_settings:delete_job": "Διαγραφή δουλειάς",
    "menu:job_settings:save_changes": "Αποθήκευση αλλαγών",

    "menu:rank_creation:create_rank": "Δημιουργία βαθμού",
    "menu:rank_creation:label": "Όνομα",
    "menu:rank_creation:name": "Όνομα (ID)",
    "menu:rank_creation:grade": "Βαθμός",
    "menu:rank_creation:salary": "Μισθός",
    "menu:rank_creation:close": "Κλείσε",
    "menu:rank_creation:create": "Δημιουργία",
    
    "menu:rank_edit:edit": "Επεξεργασία Βαθμού",
    "menu:rank_edit:label": "Όνομα",
    "menu:rank_edit:name_id": "Όνομα (ID)",
    "menu:rank_edit:grade": "Βαθμός",
    "menu:rank_edit:salary": "Μισθός",
    "menu:rank_edit:delete": "Διαγραφή",
    "menu:rank_edit:close": "Κλείσε",
    "menu:rank_edit:save": "Αποθηκεύση",

    "menu:delete_dialog:delete": "Διαγραφή",
    "menu:delete_dialog:close": "Κλείσε",

    "menu:edit_marker:edit_marker": "Επεξεργασία Marker",
    "menu:edit_marker:label": "Όνομα",
    "menu:edit_marker:marker_type": "Τύπος Marker",
    "menu:edit_marker:minimum_grade": "Ελάχιστος Βαθμός",
    "menu:edit_marker:specific_grades": "Συγκεκριμένοι βαθμοί",
    "menu:edit_marker:choose_grades": "Διάλεξε βαθμούς",
    "menu:edit_marker:use_minimum_grade": "Χρήση ελάχιστου βαθμού",
    "menu:edit_marker:use_specific_grades": "Χρησιμοποιήστε συγκεκριμένους βαθμούς",
    "menu:edit_marker:marker_size": "Μέγεθος Marker",
    "menu:edit_marker:scale_x": "Κλίμακα X",
    "menu:edit_marker:scale_y": "Κλίμακα Y",
    "menu:edit_marker:scale_z": "Κλίμακα Z",
    "menu:edit_marker:marker_coordinates": "Συντεταγμένες Marker",
    "menu:edit_marker:coord_x": "Κλίμακα X",
    "menu:edit_marker:coord_y": "Κλίμακα Y",
    "menu:edit_marker:coord_z": "Κλίμακα Z",
    "menu:edit_marker:current_coords": "Τωρινή Τοποθεσία",
    "menu:edit_marker:marker_color": "Χρώμα Marker",
    "menu:edit_marker:marker_opacity": "Ορατότητα Marker",
    "menu:edit_marker:map_blip": "Map blip",
    "menu:edit_marker:blip_sprite": "ID",
    "menu:edit_marker:blip_color": "Χρώμα",
    "menu:edit_marker:blip_scale": "Κλίμακα",
    "menu:edit_marker:standing_npc": "Θέση NPC",
    "menu:edit_marker:npc_model": "Μοντέλο",
    "menu:edit_marker:npc_heading": "Οπτική γωνία",
    "menu:edit_marker:npc_current_heading": "Τρέχον οπτική γωνία",
    "menu:edit_marker:object": "Αντικείμενο",
    "menu:edit_marker:object_model": "Μοντέλο",
    "menu:edit_marker:object_rotation_pitch": "Κλίση",
    "menu:edit_marker:object_rotation_roll": "Roll",
    "menu:edit_marker:object_rotation_yaw": "Yaw",

    "menu:grades_dialog:title": "Βαθμοί εργασίας",

    "menu:edit_marker:temporary_garage:vehicle_spawnpoint": "Σημείο Spawn οχήματος",
    "menu:edit_marker:temporary_garage:spawnpoint_heading": "Κατεύθυνση Spawn Point",
    "menu:edit_marker:temporary_garage:current_cooords_and_heading": "Τρέχουσες συντεταγμένες και Κατεύθυνση",
    "menu:edit_marker:temporary_garage:vehicle_model": "Μοντέλο οχήματος",
    "menu:edit_marker:temporary_garage:vehicle_name": "Όνομα οχήματος",
    "menu:edit_marker:temporary_garage:vehicle_primary_color": "Κύριο χρώμα",
    "menu:edit_marker:temporary_garage:vehicle_secondary_color": "Δευτερεύον χρώμα",
    "menu:edit_marker:temporary_garage:vehicle_plate": "Πινακίδα",
    "menu:edit_marker:temporary_garage:delete": "Διαγραφή",
    "menu:edit_marker:temporary_garage:new_vehicle_model": "Νέο μοντέλο οχήματος",
    "menu:edit_marker:temporary_garage:cant_be_empty": "Δεν μπορεί να είναι άδειο",
    "menu:edit_marker:temporary_garage:add_vehicle": "Προσθήκη οχήματος",

    "menu:edit_marker:boss:can_wash_money": "Μπορεί να πλύνει χρήματα?",
    "menu:edit_marker:boss:return_percentage_after_wash": "Ποσοστό επιστροφής μετά το πλύσιμο",
    "menu:edit_marker:boss:add_money_to_society_account": "Προσθέστε τα χρήματα στον λογαριασμό της επιχείρησης",
    "menu:edit_marker:boss:can_withdraw_money": "Μπορεί να κάνει ανάληψη χρημάτων?",
    "menu:edit_marker:boss:can_deposit_money": "Μπορεί να καταθέσει χρήματα?",
    "menu:edit_marker:boss:can_manage_employees": "Μπορεί να διαχειριστεί υπαλλήλους?",
    "menu:edit_marker:boss:can_manage_wages": "Μπορεί να διαχειριστεί μισθούς/βαθμούς?",

    "menu:edit_marker:shop:add_to_shop": "Προσθήκη στο κατάστημα",
    "menu:edit_marker:shop:item_id": "Αναγνωριστικό αντικειμένου",
    "menu:edit_marker:shop:item_price": "Τιμη προιοντος",
    "menu:edit_marker:shop:black_money": "Μαύρα χρήματα",
    "menu:edit_marker:shop:remove_item": "Αφαίρεση αντικειμένου",

    "menu:edit_marker:garage_buyable:vehicle_spawnpoint": "Σημείο Spawn οχήματος",
    "menu:edit_marker:garage_buyable:spawnpoint_heading": "Κατεύθυνση Spawn Point",
    "menu:edit_marker:garage_buyable:current_cooords_and_heading": "Τρέχουσες συντεταγμένες και Κατεύθυνση",
    "menu:edit_marker:garage_buyable:new_vehicle_model": "Νέο μοντέλο οχήματος",
    "menu:edit_marker:garage_buyable:add_vehicle": "Προσθήκη οχήματος",
    
    "menu:edit_marker:garage_owned:vehicle_spawnpoint": "Σημείο Spawn οχήματος",
    "menu:edit_marker:garage_owned:spawnpoint_heading": "Κατεύθυνση Spawn Point",
    "menu:edit_marker:garage_owned:current_cooords_and_heading": "Τρέχουσες συντεταγμένες και Κατεύθυνση",

    "menu:edit_marker:crafting_table:create_new_craft": "Δημιουργία νέου Crafting",

    "menu:edit_marker:armory:is_armory_shared": "Το οπλοστάσιο είναι κοινόχρηστο?",
    "menu:edit_marker:armory:max_ammo_when_take": "Αναπλήρωση σφαιρών όταν λαμβάνεται?",
    "menu:edit_marker:armory:delete_armory_content": "Διαγραφή περιεχομένου οπλοστάσιο",

    "menu:edit_marker:stash:delete_stash_content": "Διαγραφή περιεχομένου κρυφής αποθήκης",

    "menu:edit_marker:job_outfit:create_new_outfit": "Δημιούργησε νέο ντύσιμο",

    "menu:edit_marker:teleport:teleport_to": "Τηλεμεταφορά προς",
    "menu:edit_marker:teleport:current_coords": "Τωρινή Τοποθεσία",

    "menu:edit_marker:market:item_id": "Αναγνωριστικό αντικειμένου",
    "menu:edit_marker:market:item_min_price": "Ελάχιστη τιμή προϊόντος",
    "menu:edit_marker:market:item_max_price": "Μέγιστη τιμή προϊόντος",
    "menu:edit_marker:market:black_money": "Μαύρα χρήματα?",
    "menu:edit_marker:market:time_to_sell": "Time to sell",
    "menu:edit_marker:market:remove": "Αφαίρεση",
    "menu:edit_marker:market:add_item": "Πρόσθεσε αντικέιμενο",

    "menu:edit_marker:harvest:requires_a_tool": "Απαιτεί εργαλείο?",
    "menu:edit_marker:harvest:tool_to_harvest": "Εργαλείο για τη συγκομιδή",
    "menu:edit_marker:harvest:lose_on_use": "Χάνεται μετά από πολλή χρήση",
    "menu:edit_marker:harvest:quantity_to_lose": "Ποσότητα για να χαθεί",
    "menu:edit_marker:harvest:probability_to_lose": "Πιθανότητα να χαθεί",
    "menu:edit_marker:harvest:disappear_after_use": "Εξαφανίζεται μετά τη χρήση",
    "menu:edit_marker:harvest:disappear_seconds": "Εξαφάνιση δευτερολέπτων",
    "menu:edit_marker:harvest:animations": "Animations",
    "menu:edit_marker:harvest:add_item": "Πρόσθεσε αντικέιμενο",

    "menu:edit_marker:process:remove_item": "Αφαίρεση αντικειμένου",
    "menu:edit_marker:process:give_item": "Δώσε αντικείμενο",
    "menu:edit_marker:process:time_to_process": "Ώρα για την επεξεργασία",
    "menu:edit_marker:process:animations": "Animations",

    "menu:edit_marker:weapon_upgrader:extended_clip": "Extended Clip",
    "menu:edit_marker:weapon_upgrader:drum_clip": "Drum Clip",
    "menu:edit_marker:weapon_upgrader:flashlight": "Flashlight",
    "menu:edit_marker:weapon_upgrader:suppressor": "Suppressor",
    "menu:edit_marker:weapon_upgrader:scope": "Scope",
    "menu:edit_marker:weapon_upgrader:advanced_scope": "Advanced Scope",
    "menu:edit_marker:weapon_upgrader:grip": "Grip",
    "menu:edit_marker:weapon_upgrader:box_clip": "Box Clip",
    "menu:edit_marker:weapon_upgrader:luxary_finish": "Luxary Finish",
    "menu:edit_marker:weapon_upgrader:default_tint": "Default tint",
    "menu:edit_marker:weapon_upgrader:green_tint": "Green tint",
    "menu:edit_marker:weapon_upgrader:gold_tint": "Gold tint",
    "menu:edit_marker:weapon_upgrader:pink_tint": "Pink tint",
    "menu:edit_marker:weapon_upgrader:army_tint": "Army tint",
    "menu:edit_marker:weapon_upgrader:lspd_tint": "LSPD tint",
    "menu:edit_marker:weapon_upgrader:orange_tint": "Orange tint",
    "menu:edit_marker:weapon_upgrader:platinum_tint": "Platinum tint",

    "menu:edit_marker:job_shop:job_allowed_to_sell": "Δουλειά που μπορεί να βάλει προς πώληση αντικείμενα",
    "menu:edit_marker:job_shop:allowed_job": "Δουλειά που μπορεί να βάλει προς πώληση αντικείμενα",
    "menu:edit_marker:job_shop:minimum_grade": "Ελάχιστος βαθμός που επιτρέπεται να βάλει προς πώληση αντικείμενα",

    "menu:edit_marker:delete_marker": "Διαγραφή Marker",
    "menu:edit_marker:close": "Κλείσε",
    "menu:edit_marker:save": "Αποθηκεύση",

    "menu:input_text:close": "Κλείσε",
    "menu:input_text:confirm": "Επιβεβαίωση",

    "menu:notification:notification": "Ειδοποίηση",
    "menu:notification:close": "Κλείσε",

    "menu:not_allowed:you_are_not_allowed": "Δεν επιτρέπεται να χρησιμοποιήσετε αυτό το μενού",
    "menu:not_allowed:if_you_are_admin": "Εάν είστε διαχειριστής διακομιστή, πρέπει να προσθέσετε άδεια ACE στον server.cfg",

    "menu:animations:animations": "Animations",
    "menu:animations:add_animation": "Προσθήκη Animation",
    "menu:animations:close": "Κλείσε",
    "menu:animations:save": "Αποθηκεύση",

    "menu:dynamic:create_new_job": "Δημιουργία νέας δουλειάς",
    "menu:dynamic:new_job_label": "Όνομα νέας δουλειάς:",
    "menu:dynamic:new_job_name": "Αναγνωριστικό νέας δουλειάς(SetJob):",

    "menu:dynamic:delete_job": "Διαγραφή δουλειάς",
    "menu:dynamic:delete_job_confirm": "Είστε σίγουροι ότι θέλετε να διαγράψετε αυτή την δουλειά?",

    "menu:dynamic:job_markers:create_marker": "Δημιουργία marker",
    "menu:dynamic:job_markers:label": "Όνομα",
    "menu:dynamic:job_markers:coord_x": "Κλίμακα X",
    "menu:dynamic:job_markers:coord_y": "Κλίμακα Y",
    "menu:dynamic:job_markers:coord_z": "Κλίμακα Z",
    "menu:dynamic:job_markers:current_coords": "Τωρινή Τοποθεσία",
    "menu:dynamic:job_markers:min_grade": "Minimum grade",

    "menu:dynamic:public_markers:create_public_marker": "Δημιουργία δημόσιου Marker",
    "menu:dynamic:public_markers:label": "Όνομα",
    "menu:dynamic:public_markers:coord_x": "Κλίμακα X",
    "menu:dynamic:public_markers:coord_y": "Κλίμακα Y",
    "menu:dynamic:public_markers:coord_z": "Κλίμακα Z",
    "menu:dynamic:public_markers:current_coords": "Τωρινή Τοποθεσία",

    "menu:dynamic:harvest:name": "Όνομα (ID)",
    "menu:dynamic:harvest:min_quantity": "Ελάχιστη ποσότητα",
    "menu:dynamic:harvest:max_quantity": "Μέγιστη ποσότητα",
    "menu:dynamic:harvest:time_to_harvest": "Χρόνος συγκομιδής (δευτερόλεπτα)",
    "menu:dynamic:harvest:probabilty": "Πιθανότητα εύρεσης",

    "menu:dynamic:default": "Default",

    "menu:dynamic:animations:animation_dictionary": "Animation dictionary:",
    "menu:dynamic:animations:animation_name": "Animation name:",
    "menu:dynamic:animations:animation_duration": "Animation duration (seconds):",
    "menu:dynamic:animations:scenario_name": "Scenario name",
    "menu:dynamic:animations:scenario_duration": "Scenario duration (seconds):",
    "menu:dynamic:animations:remove": "Αφαίρεση",

    "menu:dynamic:marker_info:stash": "Αποθήκη",
    "menu:dynamic:marker_info:stash_settings": "Ρυθμίσεις Αποθήκης",
    "menu:dynamic:marker_info:armory": "Οπλοστάσιο",
    "menu:dynamic:marker_info:armory_settings": "Ρυθμίσεις οπλοστάσιο",
    "menu:dynamic:marker_info:safe": "Χρηματοκιβώτιο",
    "menu:dynamic:marker_info:temporary_garage": "Γκαράζ - Προσωρινά αυτοκίνητα",
    "menu:dynamic:marker_info:temporary_garage_settings": "Ρυθμίσεις γκαράζ",
    "menu:dynamic:marker_info:garage_buyable": "Γκαράζ - Αγορά οχημάτων",
    "menu:dynamic:marker_info:garage_buyable_settings": "Ρυθμίσεις γκαράζ",
    "menu:dynamic:marker_info:garage_owned": "Ιδιόκτητα οχήματα(Owner Vehicle)",
    "menu:dynamic:marker_info:garage_owned_settings": "Ρυθμίσεις γκαράζ",
    "menu:dynamic:marker_info:boss": "Aφεντικό",
    "menu:dynamic:marker_info:boss_settings": "Ρυθμίσεις αφεντικού",
    "menu:dynamic:marker_info:wardrobe": "Ντουλάπα - Αποθηκευμένες ρούχα παικτών",
    "menu:dynamic:marker_info:job_outfit": "Στολή εργασίας",
    "menu:dynamic:marker_info:job_outfit_settings": "Στολές",
    "menu:dynamic:marker_info:shop": "Αγορά (αγορά αντικειμένων)",
    "menu:dynamic:marker_info:shop_settings": "Αγορά ειδών",
    "menu:dynamic:marker_info:market": "Αγορά (πώληση αντικειμένων)",
    "menu:dynamic:marker_info:market_settings": "Είδη αγοράς",
    "menu:dynamic:marker_info:harvest": "Σημείο συγκομιδής(Harvest)",
    "menu:dynamic:marker_info:harvest_settings": "Αντικείμενα Συγκομιδής",
    "menu:dynamic:marker_info:process": "Σημείο επεξεργασίας",
    "menu:dynamic:marker_info:process_settings": "Επεξεργάσιμο στοιχείο",
    "menu:dynamic:marker_info:crafting_table": "Crafting Table",
    "menu:dynamic:marker_info:crafting_table_settings": "Crafting recipes",
    "menu:dynamic:marker_info:teleport": "Σημείο Teleport",
    "menu:dynamic:marker_info:teleport_settings": "Ρυθμίσεις Teleport",
    "menu:dynamic:marker_info:weapon_upgrader": "Weapon Upgrader",
    "menu:dynamic:marker_info:weapon_upgrader_settings": "Components/Tints prices",
    "menu:dynamic:marker_info:duty": "On/Off Duty",
    "menu:dynamic:marker_info:job_shop": "Job Shop",
    "menu:dynamic:marker_info:job_shop_settings": "Shop settings",

    "menu:dynamic:marker:crafting_table:time_to_craft": "Time to craft (seconds)",
    "menu:dynamic:marker:crafting_table:result_item": "Result item",
    "menu:dynamic:marker:crafting_table:quantity": "Quantity",
    "menu:dynamic:marker:crafting_table:item_id": "Αναγνωριστικό αντικειμένου",
    "menu:dynamic:marker:crafting_table:item_quantity": "Item quantity",
    "menu:dynamic:marker:crafting_table:lose_on_use": "Lose on use",
    "menu:dynamic:marker:crafting_table:remove": "Αφαίρεση",
    "menu:dynamic:marker:crafting_table:animations": "Animations",
    "menu:dynamic:marker:crafting_table:add_to_craft": "Add to craft",
    "menu:dynamic:marker:crafting_table:remove_craft": "Remove craft",

    "menu:dynamic:marker:temporary_garage:delete": "Διαγραφή",
    "menu:dynamic:marker:temporary_garage:random_plate": "Random plate",

    "menu:datatable:lengthMenu": "Προβολή _MENU_ Αποτελέσματα",
    "menu:datatable:zeroRecords": "Κανένα αποτέλεσμα",
    "menu:datatable:info": "Εμφάνιση _PAGE_ από _PAGES_",
    "menu:datatable:infoEmpty": "Δεν υπάρχουν διαθέσιμα αποτελέσματα",
    "menu:datatable:infoFiltered": "(filtred from _MAX_ Αποτελέσματα)",
    "menu:datatable:search": "Αναζήτηση:",
    "menu:datatable:next": "Επόμενο",
    "menu:datatable:previous": "Προηγούμενο",

    "menu:chart:players_in_rank": "Παίκτες στην κατάταξη",

    "menu:settings:useBillingUI": "Χρήση Billing UI για τη δημιουργία αποδείξεων",
    "menu:settings:player_menu_position": "Player menu position",
    "menu:settings:player_menu_position:bottom_right": "Bottom right",
    "menu:settings:player_menu_position:top_right": "Top right",
    "menu:settings:player_menu_position:bottom_left": "Bottom left",
    "menu:settings:player_menu_position:top_left": "Top left",
    "menu:settings:max_distance_marker": "Μέγιστη απόσταση όπου θα φαίνονται τα Marker",
    "menu:settings:use3Dtext": "Χρησιμοποιήστε 3D Text αντί για Marker",
    "menu:settings:text_size": "3D Text Size",
    "menu:settings:font_to_use": "Γραμματοσειρά για χρήση",
    "menu:settings:seconds_to_lockpick_car": "Δευτερόλεπτα για να ξεκλειδώσετε ένα αυτοκίνητο",
    "menu:settings:vehicle_alarm": "Πρέπει το όχημα να έχει συναγερμό κατά το ξεκλείδωμα?",
    "menu:settings:jsfour_idcard": "Αν χρησιμοποιείται το jsfour-idcard για να βλέπετε την ταυτότητα του παίκτη στον έλεγχο ταυτότητα/άδεια οχήματος/άδεια όπλου",
    "menu:settings:can_use_actions_off_duty": "Μπορεί ο παίκτης να χρησιμοποιήσει το μενού ενεργειών F6 όταν είναι εκτός υπηρεσίας?",
    "menu:settings:car_driving_licenses_ids": "Ταυτότητες άδειας οδήγησης αυτοκινήτου",
    "menu:settings:weapon_licenses_ids": "Ταυτότητες αδειών οπλοφορίας",
    "menu:settings:new_driving_license": "Νέα άδεια οδήγησης",
    "menu:settings:add": "Προσθήκη",
    "menu:settings:new_weapon_license": "Νέα άδεια οπλοφορίας",
    "menu:settings:can_sell_multiple_items": "Μπορεί να πουλήσει πολλά αντικείμενα ταυτόχρονα στην αγορά?",
    "menu:settings:language": "Γλώσσα",
    "menu:settings:allow_afk_farming": "Ενεργοποίηση αυτόματου Harvest και Process δεικτών διεργασίας",
    "menu:settings:unemployed_job_id": "Δουλειά άνεργου ID",
    "menu:settings:unemployed_job_grade": "Δουλειά άνεργου grade",
    "menu:settings:ace_permission": "ACE permission",

    "menu:settings:enable_discord_logs": "Ενεργοποιήσετε τα Discord Logs",
    "menu:settings:discord_webhooks": "Discord webhooks",
    "menu:settings:main_webhook": "Κύριο webhook",
    "menu:settings:separated_webhooks": "Χωριστά webhooks",

    "menu:settings:handcuffs_requires_item": "Απαιτούμενο αντικείμενο για της χειροπέδες",
    "menu:settings:handcuffs_item_name": "Όνομα αντικειμένου",

    "menu:settings:lockpick_requires_item": "Απαιτείται αντικείμενο για το ξεκλείδωμα του οχήματος",
    "menu:settings:lockpick_item_name": "Όνομα αντικειμένου",
    "menu:settings:lockpickRemoveOnUse": "Να χάνετε το αντικείμενο μετά το ξεκλείδωμα",

    "menu:settings:robbable_accounts": "Λογαριασμοί που μπορούν κλαπούν",
    "menu:settings:new_robbable_account": "Νέος λογαριασμός",
    "menu:settings:canAlwaysCarryItem": "Μπορεί να μεταφέρει πάντα αντικείμενα",
    "menu:settings:accounts_depositable_in_safe": "Λογαριασμοί που κατατίθενται σε χρηματοκιβώτιο",
    "menu:settings:enable_cash_in_safes_old_esx": "Ενεργοποίηση μετρητών σε χρηματοκιβώτιο για την παλιά έκδοση ESX",

    "menu:settings:vehicle_reparation": "Επισκευή οχήματος",
    "menu:settings:repair_vehicle_requires_item": "Για την επισκευή οχήματος απαιτεί αντικείμενο",
    "menu:settings:repair_vehicle_item_name": "Όνομα αντικειμένου",
    "menu:settings:lose_fixkit_on_use": "Να χάνετε το αντικείμενο μετά την επισκευή",

    "menu:settings:vehicle_cleaning": "Καθαρισμός οχημάτων",
    "menu:settings:clean_vehicle_requires_item": "Για τον καθαρισμό οχήματος απαιτεί αντικείμενο",
    "menu:settings:clean_vehicle_item_name": "Όνομα αντικειμένου",
    "menu:settings:lose_sponge_on_use": "Να χάνετε το αντικείμενο μετά τον καθαρισμό",

    "menu:settings:healing": "Healing",
    "menu:settings:healing_requires_item": "To Heal απαιτεί αντικείμενο",
    "menu:settings:healing_item_name": "Όνομα αντικειμένου",
    "menu:settings:lose_bandage_on_use": "Να χάνετε το αντικείμενο μετά το Heal",

    "menu:settings:reviving": "Reviving",
    "menu:settings:reviving_requires_item": "To Revive απαιτεί αντικείμενο",
    "menu:settings:reviving_item_name": "Όνομα αντικειμένου",
    "menu:settings:lose_medikit_on_use": "Να χάνετε το αντικείμενο μετά το Revive",

    "menu:settings:enable_property_outfits": "Ενεργοποίηση εξαρτημάτων αποθήκευσης δεδομένων ιδιοκτησίας στη ντουλάπα",

    "menu:settings:apply_changes": "Εφαρμογή αλλαγών",
    "menu:settings:restore_default_config": "Επαναφορά προεπιλεγμένων ρυθμίσεων",
    "menu:are_you_sure_to_restore_settings": "Είστε βέβαιοι ότι θα επαναφέρετε τις προεπιλεγμένες ρυθμίσεις?",

    "menu:items_dialog:title": "Λίστα αντικειμένων",
    "menu:items_dialog:search_item": "Αναζήτηση αντικειμένου",
    
    "menu:weapons_dialog:title": "Λίστα όπλων",
    "menu:weapons_dialog:search_weapon": "Αναζήτηση όπλου",

    "menu:dialog:choose_item": "Διαλέξτε αντικείμενο",
    "menu:dialog:choose_weapon": "Διάλεξε όπλο"
}