{
    "menu:jobs": "<i class=\"bi bi-briefcase-fill\"></i> Trabajos",
    "menu:public_markers": "<i class=\"bi bi-suit-diamond-fill\"></i> Marcadores públicos",
    "menu:statistics": "<i class=\"bi bi-bar-chart-fill\"></i> Estadísticas",
    "menu:settings": "<i class=\"bi bi-gear-fill\"></i> Ajustes",

    "menu:create_new_job": "Crear nuevo trabajo",

    "menu:job_label": "Etiqueta del trabajo",
    "menu:job_id": "Id del trabajo",
    "menu:ranks": "Rangos",

    "menu:create_new_marker": "Crear un nuevo marcador",

    "menu:marker:id": "ID",
    "menu:marker:label": "Etiqueta",
    "menu:marker:type": "Tipo",
    "menu:marker:x": "X",
    "menu:marker:y": "Y",
    "menu:marker:z": "Z",
    "menu:marker:minimum_grade": "Grado mínimo",

    "menu:online_players": "Jugadores conectados",
    "menu:total_players": "Jugadores en total",
    "menu:society_money": "Dinero de la sociedad",

    "menu:job:ranks": "<i class=\"bi bi-briefcase-fill\"></i> Rangos",
    "menu:job:markers": "<i class=\"bi bi-suit-diamond-fill\"></i> Marcadores",
    "menu:job:statistics": "<i class=\"bi bi-bar-chart-fill\"></i> Estadísticas",
    "menu:job:settings": "<i class=\"bi bi-gear-fill\"></i> Ajustes",

    "menu:create_new_rank": "Crear nuevo rango",

    "menu:rank:id": "ID",
    "menu:rank:label": "Etiqueta",
    "menu:rank:name": "Normbre",
    "menu:rank:grade": "Grado",
    "menu:rank:salary": "Salario",

    "menu:job_settings:whitelisted": "Lista blanca",
    "menu:job_settings:enable_billing": "Activar multas",
    "menu:job_settings:enable_search_players": "Activar robo a jugadores",
    "menu:job_settings:enable_handcuff_players": "Activar esposar a jugadores",
    "menu:job_settings:enable_lockpick_players": "Activar forzar vehículos",
    "menu:job_settings:enable_wash_vehicles": "Activar limpiar vehículos",
    "menu:job_settings:enable_repair_vehicles": "Activar reparar coches",
    "menu:job_settings:enable_impound_vehicles": "Activar incautar vehículos",
    "menu:job_settings:enable_check_identities": "Activar chequear identidad",
    "menu:job_settings:enable_check_vehicle_owner": "Activar chequear propietario del vehículo",
    "menu:job_settings:enable_check_driving_license": "Activar chequear licencia de conducir",
    "menu:job_settings:enable_check_weapon_license": "Activar chequear licencia armas",
    "menu:job_settings:enable_heal": "Activar curar",
    "menu:job_settings:enable_revive": "Activar revivir",

    "menu:job_settings:delete_job": "Eliminar trabajo",
    "menu:job_settings:save_changes": "Guardar cambios",

    "menu:rank_creation:create_rank": "Crear rango",
    "menu:rank_creation:label": "Etiqueta",
    "menu:rank_creation:name": "Nombre (id)",
    "menu:rank_creation:grade": "Grado",
    "menu:rank_creation:salary": "Salario",
    "menu:rank_creation:close": "Cerrar",
    "menu:rank_creation:create": "Crear",

    "menu:rank_edit:edit": "Editar el rango",
    "menu:rank_edit:label": "Etiqueta",
    "menu:rank_edit:name_id": "Nombre (id)",
    "menu:rank_edit:grade": "Grado",
    "menu:rank_edit:salary": "Salario",
    "menu:rank_edit:delete": "Eliminar",
    "menu:rank_edit:close": "Cerrar",
    "menu:rank_edit:save": "Guardar",

    "menu:delete_dialog:delete": "Eliminar",
    "menu:delete_dialog:close": "Cerrar",

    "menu:edit_marker:edit_marker": "Editar marcador",
    "menu:edit_marker:label": "Etiqueta",
    "menu:edit_marker:marker_type": "Tipo de marcador",
    "menu:edit_marker:minimum_grade": "Grado mínimo",
    "menu:edit_marker:specific_grades": "Grados especificos",
    "menu:edit_marker:choose_grades": "Eligir grado",
    "menu:edit_marker:use_minimum_grade": "Use grado mínimo",
    "menu:edit_marker:use_specific_grades": "Usar grados específicos",
    "menu:edit_marker:marker_size": "Tamaño del marcador",
    "menu:edit_marker:scale_x": "Escala X",
    "menu:edit_marker:scale_y": "Escala Y",
    "menu:edit_marker:scale_z": "Escala Z",
    "menu:edit_marker:marker_coordinates": "Coordenadas del marcador",
    "menu:edit_marker:coord_x": "Coordenadas X",
    "menu:edit_marker:coord_y": "Coordenadas Y",
    "menu:edit_marker:coord_z": "Coordenadas Z",
    "menu:edit_marker:current_coords": "Coordenadas actuales",
    "menu:edit_marker:marker_color": "Color del marcador",
    "menu:edit_marker:marker_opacity": "Opacidad del marcador",
    "menu:edit_marker:map_blip": "Punto en el mapa",
    "menu:edit_marker:blip_sprite": "Sprite",
    "menu:edit_marker:blip_color": "Color",
    "menu:edit_marker:blip_scale": "Escala",
    "menu:edit_marker:standing_npc": "NPC permanente",
    "menu:edit_marker:npc_model": "Modelo",
    "menu:edit_marker:npc_heading": "Rumbo",
    "menu:edit_marker:npc_current_heading": "Rumbo actual",
    "menu:edit_marker:object": "Objeto",
    "menu:edit_marker:object_model": "Modelo",
    "menu:edit_marker:object_rotation_pitch": "Inclinar",
    "menu:edit_marker:object_rotation_roll": "Rodar",
    "menu:edit_marker:object_rotation_yaw": "Virar",
    "menu:edit_marker:object_current_rotation": "Rotación actual",

    "menu:grades_dialog:title": "Grados del trabajo",

    "menu:edit_marker:temporary_garage:vehicle_spawnpoint": "Spawn de coches",
    "menu:edit_marker:temporary_garage:spawnpoint_heading": "Rumbo del spawn",
    "menu:edit_marker:temporary_garage:current_cooords_and_heading": "Coordenadas y rumbo actual",
    "menu:edit_marker:temporary_garage:vehicle_model": "Modelo del vehículo",
    "menu:edit_marker:temporary_garage:vehicle_name": "Nombre del vehículo",
    "menu:edit_marker:temporary_garage:vehicle_primary_color": "Color primario",
    "menu:edit_marker:temporary_garage:vehicle_secondary_color": "Color secundario",
    "menu:edit_marker:temporary_garage:vehicle_plate": "Matrícula",
    "menu:edit_marker:temporary_garage:delete": "Eliminar",
    "menu:edit_marker:temporary_garage:new_vehicle_model": "Nuevo modelo del vehículo",
    "menu:edit_marker:temporary_garage:cant_be_empty": "No puede estar vacio",
    "menu:edit_marker:temporary_garage:add_vehicle": "Añadir vehículo",

    "menu:edit_marker:boss:can_wash_money": "Se puede lavar el dinero?",
    "menu:edit_marker:boss:return_percentage_after_wash": "Porcentaje de devolución después del lavado",
    "menu:edit_marker:boss:add_money_to_society_account": "Añadir dinero a la sociedad",
    "menu:edit_marker:boss:can_withdraw_money": "Puede retirar el dinero?",
    "menu:edit_marker:boss:can_deposit_money": "Se puede depositar dinero?",
    "menu:edit_marker:boss:can_manage_employees": "Puede gestionar a los empleados?",
    "menu:edit_marker:boss:can_manage_wages": "Puede manejar los salarios/ grados?",

    "menu:edit_marker:shop:add_to_shop": "Añadir a la tienda",
    "menu:edit_marker:shop:item_id": "ID del artículo",
    "menu:edit_marker:shop:item_price": "Precio del artículo",
    "menu:edit_marker:shop:black_money": "Dinero negro",
    "menu:edit_marker:shop:remove_item": "Remover artículo",

    "menu:edit_marker:garage_buyable:vehicle_spawnpoint": "Spawn de coches",
    "menu:edit_marker:garage_buyable:spawnpoint_heading": "Dirección del spawn",
    "menu:edit_marker:garage_buyable:current_cooords_and_heading": "Coordenadas y dirección actual",
    "menu:edit_marker:garage_buyable:new_vehicle_model": "Nuevo modelo del vehículo",
    "menu:edit_marker:garage_buyable:add_vehicle": "Añadir vehículo",

    "menu:edit_marker:garage_owned:vehicle_spawnpoint": "Spawn de coches",
    "menu:edit_marker:garage_owned:spawnpoint_heading": "Dirección del spawn",
    "menu:edit_marker:garage_owned:current_cooords_and_heading": "Coordenadas y dirección actual",

    "menu:edit_marker:crafting_table:create_new_craft": "Crear nuevos crafteos",

    "menu:edit_marker:armory:is_armory_shared": "La armería es compartida?",
    "menu:edit_marker:armory:max_ammo_when_take": "Munición máxima cuando se toma?",
    "menu:edit_marker:armory:delete_armory_content": "Eliminar el contenido del arsenal",

    "menu:edit_marker:stash:delete_stash_content": "Eliminar el contenido escondido",

    "menu:edit_marker:job_outfit:create_new_outfit": "Crear un nuevo equipo",

    "menu:edit_marker:teleport:teleport_to": "Teletransportarse a",
    "menu:edit_marker:teleport:current_coords": "Coordenadas actuales",

    "menu:edit_marker:market:item_id": "ID del artículo",
    "menu:edit_marker:market:item_min_price": "Precio mínimo del artículo",
    "menu:edit_marker:market:item_max_price": "Precio maximo del artículo",
    "menu:edit_marker:market:black_money": "Dinero negro?",
    "menu:edit_marker:market:time_to_sell": "Tiempo para vender",
    "menu:edit_marker:market:remove": "Remover",
    "menu:edit_marker:market:add_item": "Añadir artículo",

    "menu:edit_marker:harvest:requires_a_tool": "Requiere de una herramienta?",
    "menu:edit_marker:harvest:tool_to_harvest": "Herramienta para cosechar",
    "menu:edit_marker:harvest:lose_on_use": "Perder al usar",
    "menu:edit_marker:harvest:quantity_to_lose": "Cantidad que pierde",
    "menu:edit_marker:harvest:probability_to_lose": "Probabilidad de perder",
    "menu:edit_marker:harvest:disappear_after_use": "Desaparecer después de su uso",
    "menu:edit_marker:harvest:disappear_seconds": "Segundos de desaparición",
    "menu:edit_marker:harvest:animations": "Animaciones",
    "menu:edit_marker:harvest:add_item": "Añadir artículo",

    "menu:edit_marker:process:remove_item": "Remover artículo",
    "menu:edit_marker:process:give_item": "Dar artículo",
    "menu:edit_marker:process:time_to_process": "Tiempo para procesar",
    "menu:edit_marker:process:animations": "Animaciones",

    "menu:edit_marker:weapon_upgrader:extended_clip": "Cargador ampliado",
    "menu:edit_marker:weapon_upgrader:drum_clip": "Cargador de tambor",
    "menu:edit_marker:weapon_upgrader:flashlight": "Linterna",
    "menu:edit_marker:weapon_upgrader:suppressor": "Silenciador",
    "menu:edit_marker:weapon_upgrader:scope": "Alcance",
    "menu:edit_marker:weapon_upgrader:advanced_scope": "Alcance avanzado",
    "menu:edit_marker:weapon_upgrader:grip": "Empuñadura",
    "menu:edit_marker:weapon_upgrader:box_clip": "Cargador grande",
    "menu:edit_marker:weapon_upgrader:luxary_finish": "Acabado de lujo",
    "menu:edit_marker:weapon_upgrader:default_tint": "Tinte predeterminado",
    "menu:edit_marker:weapon_upgrader:green_tint": "Tinte verde",
    "menu:edit_marker:weapon_upgrader:gold_tint": "Tinte de oro",
    "menu:edit_marker:weapon_upgrader:pink_tint": "Tinte rosa",
    "menu:edit_marker:weapon_upgrader:army_tint": "Tinte militar",
    "menu:edit_marker:weapon_upgrader:lspd_tint": "Tinte policial",
    "menu:edit_marker:weapon_upgrader:orange_tint": "Tinte naranja",
    "menu:edit_marker:weapon_upgrader:platinum_tint": "Tinte de plata",

    "menu:edit_marker:job_shop:job_allowed_to_sell": "Trabajo que puede poner en venta artículos",
    "menu:edit_marker:job_shop:allowed_job": "Trabajo permitido para vender",
    "menu:edit_marker:job_shop:minimum_grade": "Grado mínimo permitido para vender",

    "menu:edit_marker:delete_marker": "Borrar marcador",
    "menu:edit_marker:close": "Cerrar",
    "menu:edit_marker:save": "Guardar",

    "menu:input_text:close": "Cerrar",
    "menu:input_text:confirm": "Confirmar",

    "menu:notification:notification": "Notificación",
    "menu:notification:close": "Cerrar",

    "menu:not_allowed:you_are_not_allowed": "No se le permite utilizar este menú",
    "menu:not_allowed:if_you_are_admin": "Si usted es un administrador del servidor, necesita agregar permiso ACE a su server.cfg",

    "menu:animations:animations": "Animaciones",
    "menu:animations:add_animation": "Añador animación",
    "menu:animations:close": "Cerrar",
    "menu:animations:save": "Guardar",

    "menu:dynamic:create_new_job": "Crear nuevo trabajo",
    "menu:dynamic:new_job_label": "Nueva etiqueta del trabajo:",
    "menu:dynamic:new_job_name": "Nuevo nombre del trabajo (id):",

    "menu:dynamic:delete_job": "Eliminar trabajo",
    "menu:dynamic:delete_job_confirm": "Seguro que quieres borrar este trabajo?",

    "menu:dynamic:job_markers:create_marker": "Crear marcador",
    "menu:dynamic:job_markers:label": "Etiqueta",
    "menu:dynamic:job_markers:coord_x": "Coordenadas X",
    "menu:dynamic:job_markers:coord_y": "Coordenadas Y",
    "menu:dynamic:job_markers:coord_z": "Coordenadas Z",
    "menu:dynamic:job_markers:current_coords": "Coordenadas actuales",
    "menu:dynamic:job_markers:min_grade": "Grado mínimo",

    "menu:dynamic:public_markers:create_public_marker": "Crear un marcador publico",
    "menu:dynamic:public_markers:label": "Etiqueta",
    "menu:dynamic:public_markers:coord_x": "Coordenadas X",
    "menu:dynamic:public_markers:coord_y": "Coordenadas Y",
    "menu:dynamic:public_markers:coord_z": "Coordenadas Z",
    "menu:dynamic:public_markers:current_coords": "Coordenadas actuales",

    "menu:dynamic:harvest:name": "Nombre (ID)",
    "menu:dynamic:harvest:min_quantity": "Cantidad mínima",
    "menu:dynamic:harvest:max_quantity": "Cantidad máxima",
    "menu:dynamic:harvest:time_to_harvest": "Tiempo de cosechar (segundos)",
    "menu:dynamic:harvest:probabilty": "probabilidad de encontrar",

    "menu:dynamic:default": "Predeterminado",

    "menu:dynamic:animations:animation_dictionary": "Diccionario de animación:",
    "menu:dynamic:animations:animation_name": "Nombre de la animación:",
    "menu:dynamic:animations:animation_duration": "Duración de la animación (segundos):",
    "menu:dynamic:animations:scenario_name": "Nombre del escenario",
    "menu:dynamic:animations:scenario_duration": "Duración del escenario (segundos):",
    "menu:dynamic:animations:remove": "Remover",

    "menu:dynamic:marker_info:stash": "Armario",
    "menu:dynamic:marker_info:stash_settings": "Ajustes del armario",
    "menu:dynamic:marker_info:armory": "Armeria",
    "menu:dynamic:marker_info:armory_settings": "Ajustes de la armería",
    "menu:dynamic:marker_info:safe": "Armario propio",
    "menu:dynamic:marker_info:temporary_garage": "Garaje temporal",
    "menu:dynamic:marker_info:temporary_garage_settings": "Ajustes del garaje",
    "menu:dynamic:marker_info:garage_buyable": "Garaje de coches comprables",
    "menu:dynamic:marker_info:garage_buyable_settings": "Ajustes del garajes",
    "menu:dynamic:marker_info:garage_owned": "vehículos propios",
    "menu:dynamic:marker_info:garage_owned_settings": "Ajustes del garaje",
    "menu:dynamic:marker_info:boss": "Jefe",
    "menu:dynamic:marker_info:boss_settings": "Ajsutes de jefe",
    "menu:dynamic:marker_info:wardrobe": "Armario propio",
    "menu:dynamic:marker_info:job_outfit": "Ropa del trabajo",
    "menu:dynamic:marker_info:job_outfit_settings": "Estilos",
    "menu:dynamic:marker_info:shop": "Tienda (Comprar artículos)",
    "menu:dynamic:marker_info:shop_settings": "Tienda de artículos",
    "menu:dynamic:marker_info:market": "Venta (Vender artículos)",
    "menu:dynamic:marker_info:market_settings": "Venta de artículos",
    "menu:dynamic:marker_info:harvest": "Punto de cosecha",
    "menu:dynamic:marker_info:harvest_settings": "Punto de cosecha",
    "menu:dynamic:marker_info:process": "Punto de proceso",
    "menu:dynamic:marker_info:process_settings": "Artículo procesable",
    "menu:dynamic:marker_info:crafting_table": "Mesa de trabajo",
    "menu:dynamic:marker_info:crafting_table_settings": "Recetas de elaboración",
    "menu:dynamic:marker_info:teleport": "Punto de teletransporte",
    "menu:dynamic:marker_info:teleport_settings": "Ajustes de teletransporte",
    "menu:dynamic:marker_info:weapon_upgrader": "Mejorador de armas",
    "menu:dynamic:marker_info:weapon_upgrader_settings": "Precios de componentes/tintes",
    "menu:dynamic:marker_info:duty": "De servicio/fuera de servicio",
    "menu:dynamic:marker_info:job_shop": "Tienda del trabajo",
    "menu:dynamic:marker_info:job_shop_settings": "Configuración de la tienda",

    "menu:dynamic:marker:crafting_table:time_to_craft": "Tiempo hasta la embarcación (segundos)",
    "menu:dynamic:marker:crafting_table:result_item": "Elemento de resultado",
    "menu:dynamic:marker:crafting_table:quantity": "Cantidad",
    "menu:dynamic:marker:crafting_table:item_id": "ID del artículo",
    "menu:dynamic:marker:crafting_table:item_quantity": "Cantidad de artículos",
    "menu:dynamic:marker:crafting_table:lose_on_use": "Perder en uso",
    "menu:dynamic:marker:crafting_table:remove": "Remover",
    "menu:dynamic:marker:crafting_table:animations": "Animaciones",
    "menu:dynamic:marker:crafting_table:add_to_craft": "Añadir a la embarcación",
    "menu:dynamic:marker:crafting_table:remove_craft": "Retirar la embarcación",

    "menu:dynamic:marker:temporary_garage:delete": "Eliminar",
    "menu:dynamic:marker:temporary_garage:random_plate": "Matrícula aleatoria",

    "menu:datatable:lengthMenu": "Mostrar _MENU_ resultados",
    "menu:datatable:zeroRecords": "No hay resultados",
    "menu:datatable:info": "Mostrando _PAGE_ de _PAGES_",
    "menu:datatable:infoEmpty": "No hay resultados disponibles",
    "menu:datatable:infoFiltered": "(filtrado por los _MAX_ resultados)",
    "menu:datatable:search": "Buscar:",
    "menu:datatable:next": "Siguiente",
    "menu:datatable:previous": "Anterior",

    "menu:chart:players_in_rank": "Jugadores en rango",

    "menu:settings:useBillingUI": "Utilice la interfaz de usuario de facturación para crear facturas",
    "menu:settings:player_menu_position": "Posición del menú del jugador",
    "menu:settings:player_menu_position:bottom_right": "Parte inferior derecha",
    "menu:settings:player_menu_position:top_right": "Abajo a la derecha",
    "menu:settings:player_menu_position:bottom_left": "Parte inferior izquierda",
    "menu:settings:player_menu_position:top_left": "Abajo a la izquierda",
    "menu:settings:max_distance_marker": "Distancia máxima donde se puede ver el marcador",
    "menu:settings:use3Dtext": "Usar texto 3D en lugar de marcadores",
    "menu:settings:text_size": "Tamaño del texto",
    "menu:settings:font_to_use": "Tipo de letra usado",
    "menu:settings:seconds_to_lockpick_car": "Segundos para desbloquear un coche",
    "menu:settings:vehicle_alarm": "Debería el vehículo tener alarma mientras se abre la cerradura?",
    "menu:settings:jsfour_idcard": "Use el script jsfour-idcard (si lo tiene) para ver la tarjeta de identificación de destino en la acción comprobar identidad/permiso de conducir/licencia de armas",
    "menu:settings:can_use_actions_off_duty": "Puede el jugador utilizar el menú de acciones F6 cuando está fuera de servicio?",
    "menu:settings:car_driving_licenses_ids": "Carnets de conducir de coche",
    "menu:settings:weapon_licenses_ids": "Carnets de armas",
    "menu:settings:new_driving_license": "Nuevo permiso de conducir",
    "menu:settings:add": "Añadir",
    "menu:settings:new_weapon_license": "Nueva licencia de armas",
    "menu:settings:can_sell_multiple_items": "Puede vender varios artículos a la vez en el mercado?",
    "menu:settings:language": "Idioma",
    "menu:settings:allow_afk_farming": "Permitir la cosecha automática y el proceso de marcaje agrícola",
    "menu:settings:unemployed_job_id": "Número de desempleados",
    "menu:settings:unemployed_job_grade": "Grado de desempleo",
    "menu:settings:ace_permission": "permiso ACE",

    "menu:settings:enable_discord_logs": "Activar registros de discord",
    "menu:settings:discord_webhooks": "Discord webhooks",
    "menu:settings:main_webhook": "Webhook principal",
    "menu:settings:separated_webhooks": "Webhooks separado",

    "menu:settings:handcuffs_requires_item": "Esposar requiere artículo",
    "menu:settings:handcuffs_item_name": "Nombre del artículo de las esposas",

    "menu:settings:lockpick_requires_item": "Ganzuar vehículo requiere elemento",
    "menu:settings:lockpick_item_name": "Nombre del artículo ganzúa",
    "menu:settings:lockpickRemoveOnUse": "Perder ganzúa tras el uso",

    "menu:settings:robbable_accounts": "Cuentas robables",
    "menu:settings:new_robbable_account": "Nueva cuenta",
    "menu:settings:canAlwaysCarryItem": "Siempre puede llevar artículos",
    "menu:settings:accounts_depositable_in_safe": "Cuentas depositables en el armario propio",
    "menu:settings:enable_cash_in_safes_old_esx": "Habilitar efectivo en el armario propio para la versión antigua de ESX",

    "menu:settings:vehicle_reparation": "Reparación de vehículos",
    "menu:settings:repair_vehicle_requires_item": "Reparación de vehículos",
    "menu:settings:repair_vehicle_item_name": "Nombre del artículo kit de reparacion",
    "menu:settings:lose_fixkit_on_use": "Perder kit de reparacion tras su uso",

    "menu:settings:vehicle_cleaning": "Limpieza de vehículos",
    "menu:settings:clean_vehicle_requires_item": "Para lavar coches necesitas una espoja",
    "menu:settings:clean_vehicle_item_name": "Nombre del artículo esponja",
    "menu:settings:lose_sponge_on_use": "Perder esponja tras su uso",

    "menu:settings:healing": "Curar",
    "menu:settings:healing_requires_item": "Para curar necesitas una venda",
    "menu:settings:healing_item_name": "Nombre del artículo venda",
    "menu:settings:lose_bandage_on_use": "Perder venda cuando se use",

    "menu:settings:reviving": "Revivir",
    "menu:settings:reviving_requires_item": "Para revivir necesitas un kit medico",
    "menu:settings:reviving_item_name": "Nombre del artículo kit medico",
    "menu:settings:lose_medikit_on_use": "Perder kit medico cuando se use",

    "menu:settings:enable_property_outfits": "Habilitar outfits propios en el marcador de armario",

    "menu:settings:apply_changes": "Aplicar cambios",
    "menu:settings:restore_default_config": "Restaurar la configuración predeterminada",
    "menu:are_you_sure_to_restore_settings": "Está seguro de restaurar la configuración predeterminada?",

    "menu:items_dialog:title": "Lista de artículos",
    "menu:items_dialog:search_item": "Buscar artículo",

    "menu:weapons_dialog:title": "Lista de armas",
    "menu:weapons_dialog:search_weapon": "Buscar arma",

    "menu:dialog:choose_item": "Elegir artículo",
    "menu:dialog:choose_weapon": "Elegir arma"
}