{
    "menu:jobs": "<i class=\"bi bi-briefcase-fill\"></i> Jobs",
    "menu:public_markers": "<i class=\"bi bi-suit-diamond-fill\"></i> Public markers",
    "menu:statistics": "<i class=\"bi bi-bar-chart-fill\"></i> Statistics",
    "menu:settings": "<i class=\"bi bi-gear-fill\"></i> Settings",

    "menu:create_new_job": "Créer un nouvel emploi",

    "menu:job_label": "Libellé de l'emploi",
    "menu:job_id": "ID de tâche",
    "menu:ranks": "Rangs",

    "menu:create_new_marker": "Créer un nouveau marqueur",

    "menu:marker:id": "ID",
    "menu:marker:label": "Étiqueter",
    "menu:marker:type": "Type",
    "menu:marker:x": "X",
    "menu:marker:y": "Y",
    "menu:marker:z": "Z",
    "menu:marker:minimum_grade": "grade Minimum",

    "menu:online_players": "Joueurs en ligne",
    "menu:total_players": "Nombre total de joueurs",
    "menu:society_money": "L'argent de la société",

    "menu:job:ranks": "<i class=\"bi bi-briefcase-fill\"></i> Ranks",
    "menu:job:markers": "<i class=\"bi bi-suit-diamond-fill\"></i> Markers",
    "menu:job:statistics": "<i class=\"bi bi-bar-chart-fill\"></i> Statistics",
    "menu:job:settings": "<i class=\"bi bi-gear-fill\"></i> Settings",

    "menu:create_new_rank": "Créer un nouveau rang",

    "menu:rank:id": "ID",
    "menu:rank:label": "Étiqueter",
    "menu:rank:name": "Nom",
    "menu:rank:grade": "Grade",
    "menu:rank:salary": "Un salaire",

    "menu:job_settings:whitelisted": "Whitelisted",
    "menu:job_settings:enable_billing": "Activer la facturation",
    "menu:job_settings:enable_search_players": "Activer le vol/la recherche de joueurs",
    "menu:job_settings:enable_handcuff_players": "Activer les joueurs menottes",
    "menu:job_settings:enable_lockpick_players": "Activer les voitures de crochetage",
    "menu:job_settings:enable_wash_vehicles": "Activer les véhicules de lavage",
    "menu:job_settings:enable_repair_vehicles": "Activer les véhicules de réparation",
    "menu:job_settings:enable_impound_vehicles": "Autoriser les véhicules en fourrière",
    "menu:job_settings:enable_check_identities": "Activer la vérification des identités",
    "menu:job_settings:enable_check_vehicle_owner": "Activer la vérification du propriétaire du véhicule",
    "menu:job_settings:enable_check_driving_license": "Activer la vérification du permis de conduire",
    "menu:job_settings:enable_check_weapon_license": "Activer la vérification de la licence d'arme",
    "menu:job_settings:enable_heal": "Activer la guérison",
    "menu:job_settings:enable_revive": "Activer la réanimation",

    "menu:job_settings:delete_job": "Supprimer le travail",
    "menu:job_settings:save_changes": "Sauvegarder les modifications",

    "menu:rank_creation:create_rank": "Créer un classement",
    "menu:rank_creation:label": "Étiqueter",
    "menu:rank_creation:name": "Nom (identifiant)",
    "menu:rank_creation:grade": "Grade",
    "menu:rank_creation:salary": "Un salaire",
    "menu:rank_creation:close": "fermé",
    "menu:rank_creation:create": "Créer",
    
    "menu:rank_edit:edit": "Modifier le classement",
    "menu:rank_edit:label": "Étiqueter",
    "menu:rank_edit:name_id": "Nom (identifiant)",
    "menu:rank_edit:grade": "Grade",
    "menu:rank_edit:salary": "Un salaire",
    "menu:rank_edit:delete": "Effacer",
    "menu:rank_edit:close": "fermé",
    "menu:rank_edit:save": "sauvegarder",

    "menu:delete_dialog:delete": "Effacer",
    "menu:delete_dialog:close": "fermé",

    "menu:edit_marker:edit_marker": "Modifier le marqueur",
    "menu:edit_marker:label": "Étiqueter",
    "menu:edit_marker:marker_type": "Type de marqueur",
    "menu:edit_marker:minimum_grade": "Minimum Grade",
    "menu:edit_marker:specific_grades": "Grades spécifiques",
    "menu:edit_marker:choose_grades": "Choisissez les Grades",
    "menu:edit_marker:use_minimum_grade": "Utiliser le Grades minimale",
    "menu:edit_marker:use_specific_grades": "Utiliser des Grades spécifiques",
    "menu:edit_marker:marker_size": "Taille du marqueur",
    "menu:edit_marker:scale_x": "Scale X",
    "menu:edit_marker:scale_y": "Scale Y",
    "menu:edit_marker:scale_z": "Scale Z",
    "menu:edit_marker:marker_coordinates": "Coordonnées du marqueur",
    "menu:edit_marker:coord_x": "Coord X",
    "menu:edit_marker:coord_y": "Coord Y",
    "menu:edit_marker:coord_z": "Coord Z",
    "menu:edit_marker:current_coords": "Coordonnées actuelles",
    "menu:edit_marker:marker_color": "Couleur du marqueur",
    "menu:edit_marker:marker_opacity": "Opacité du marqueur",
    "menu:edit_marker:map_blip": "Blip de carte",
    "menu:edit_marker:blip_sprite": "Sprite",
    "menu:edit_marker:blip_color": "Couleur",
    "menu:edit_marker:blip_scale": "Escalader",
    "menu:edit_marker:standing_npc": "PNJ debout",
    "menu:edit_marker:npc_model": "Modèle",
    "menu:edit_marker:npc_heading": "Titre",
    "menu:edit_marker:npc_current_heading": "Cap actuel",
    "menu:edit_marker:object": "Objet",
    "menu:edit_marker:object_model": "Modèle",
    "menu:edit_marker:object_rotation_pitch": "Terrain",
    "menu:edit_marker:object_rotation_roll": "Rouler",
    "menu:edit_marker:object_rotation_yaw": "Embardée",

    "menu:grades_dialog:title": "Niveaux d'emploi",

    "menu:edit_marker:temporary_garage:vehicle_spawnpoint": "Point d'apparition du véhicule",
    "menu:edit_marker:temporary_garage:spawnpoint_heading": "En-tête du point d'apparition",
    "menu:edit_marker:temporary_garage:current_cooords_and_heading": "Coordonnées actuelles et cap",
    "menu:edit_marker:temporary_garage:vehicle_model": "Modèle de véhicule",
    "menu:edit_marker:temporary_garage:vehicle_name": "Nom du véhicule",
    "menu:edit_marker:temporary_garage:vehicle_primary_color": "Couleur primaire",
    "menu:edit_marker:temporary_garage:vehicle_secondary_color": "Couleur secondaire",
    "menu:edit_marker:temporary_garage:vehicle_plate": "Plaque",
    "menu:edit_marker:temporary_garage:delete": "Effacer",
    "menu:edit_marker:temporary_garage:new_vehicle_model": "Nouveau modèle de véhicule",
    "menu:edit_marker:temporary_garage:cant_be_empty": "Ne peut pas être vide",
    "menu:edit_marker:temporary_garage:add_vehicle": "Ajouter un véhicule",

    "menu:edit_marker:boss:can_wash_money": "Peut laver l'argent?",
    "menu:edit_marker:boss:return_percentage_after_wash": "Pourcentage de retour après lavage",
    "menu:edit_marker:boss:add_money_to_society_account": "Ajouter de l'argent au compte de la société",
    "menu:edit_marker:boss:can_withdraw_money": "Peut retirer de l'argent?",
    "menu:edit_marker:boss:can_deposit_money": "Peut-on déposer de l'argent ?",
    "menu:edit_marker:boss:can_manage_employees": "Peut gérer les employés?",
    "menu:edit_marker:boss:can_manage_wages": "Peut gérer les salaires/grades?",

    "menu:edit_marker:shop:add_to_shop": "Ajouter à la boutique",
    "menu:edit_marker:shop:item_id": "ID de l'article",
    "menu:edit_marker:shop:item_price": "Prix de l'article",
    "menu:edit_marker:shop:black_money": "Argent sale",
    "menu:edit_marker:shop:remove_item": "Retirer l'objet",

    "menu:edit_marker:garage_buyable:vehicle_spawnpoint": "Point d'apparition du véhicule",
    "menu:edit_marker:garage_buyable:spawnpoint_heading": "En-tête du point d'apparition",
    "menu:edit_marker:garage_buyable:current_cooords_and_heading": "Coordonnées actuelles et cap",
    "menu:edit_marker:garage_buyable:new_vehicle_model": "Nouveau modèle de véhicule",
    "menu:edit_marker:garage_buyable:add_vehicle": "Ajouter un véhicule",
    
    "menu:edit_marker:garage_owned:vehicle_spawnpoint": "Point d'apparition du véhicule",
    "menu:edit_marker:garage_owned:spawnpoint_heading": "En-tête du point d'apparition",
    "menu:edit_marker:garage_owned:current_cooords_and_heading": "Coordonnées actuelles et cap",

    "menu:edit_marker:crafting_table:create_new_craft": "Créer un nouveau métier",

    "menu:edit_marker:armory:is_armory_shared": "L'armurerie est-elle partagée ?",
    "menu:edit_marker:armory:max_ammo_when_take": "Munitions max quand prendre?",
    "menu:edit_marker:armory:delete_armory_content": "Supprimer le contenu de l'armurerie",

    "menu:edit_marker:stash:delete_stash_content": "Supprimer le contenu de la cachette",

    "menu:edit_marker:job_outfit:create_new_outfit": "Créer une nouvelle tenue",

    "menu:edit_marker:teleport:teleport_to": "Se téléporter vers",
    "menu:edit_marker:teleport:current_coords": "Coordonnées actuelles",

    "menu:edit_marker:market:item_id": "ID de l'article",
    "menu:edit_marker:market:item_min_price": "Prix minimum de l'article",
    "menu:edit_marker:market:item_max_price": "Prix maximum de l'article",
    "menu:edit_marker:market:black_money": "Argent noir?",
    "menu:edit_marker:market:time_to_sell": "Il est temps de vendre",
    "menu:edit_marker:market:remove": "Supprimer",
    "menu:edit_marker:market:add_item": "Ajouter un item",

    "menu:edit_marker:harvest:requires_a_tool": "Besoin d'un outil ?",
    "menu:edit_marker:harvest:tool_to_harvest": "Outil pour récolter",
    "menu:edit_marker:harvest:lose_on_use": "Perdre à l'usage",
    "menu:edit_marker:harvest:quantity_to_lose": "Quantité à perdre",
    "menu:edit_marker:harvest:probability_to_lose": "Probabilité de perdre",
    "menu:edit_marker:harvest:disappear_after_use": "Disparaître après utilisation",
    "menu:edit_marker:harvest:disappear_seconds": "Disparaître secondes",
    "menu:edit_marker:harvest:animations": "Animations",
    "menu:edit_marker:harvest:add_item": "Ajouter un item",

    "menu:edit_marker:process:remove_item": "Retirer l'objet",
    "menu:edit_marker:process:give_item": "Donner l'article",
    "menu:edit_marker:process:time_to_process": "Temps de traitement",
    "menu:edit_marker:process:animations": "Animations",

    "menu:edit_marker:weapon_upgrader:extended_clip": "Clip prolongé",
    "menu:edit_marker:weapon_upgrader:drum_clip": "Clip de batterie",
    "menu:edit_marker:weapon_upgrader:flashlight": "Lampe de poche",
    "menu:edit_marker:weapon_upgrader:suppressor": "Suppresseur",
    "menu:edit_marker:weapon_upgrader:scope": "Porté",
    "menu:edit_marker:weapon_upgrader:advanced_scope": "Portée avancée",
    "menu:edit_marker:weapon_upgrader:grip": "Saisir",
    "menu:edit_marker:weapon_upgrader:box_clip": "Clip de boîte",
    "menu:edit_marker:weapon_upgrader:luxary_finish": "Finition de luxe",
    "menu:edit_marker:weapon_upgrader:default_tint": "Teinte par défaut",
    "menu:edit_marker:weapon_upgrader:green_tint": "Teinte verte",
    "menu:edit_marker:weapon_upgrader:gold_tint": "Teinte dorée",
    "menu:edit_marker:weapon_upgrader:pink_tint": "Teinte rose",
    "menu:edit_marker:weapon_upgrader:army_tint": "teinte armée",
    "menu:edit_marker:weapon_upgrader:lspd_tint": "teinte LSPD",
    "menu:edit_marker:weapon_upgrader:orange_tint": "Teinte orangée",
    "menu:edit_marker:weapon_upgrader:platinum_tint": "Teinte platine",

    "menu:edit_marker:job_shop:job_allowed_to_sell": "Emploi pouvant mettre en vente des objets",
    "menu:edit_marker:job_shop:allowed_job": "Emploi autorisé à vendre",
    "menu:edit_marker:job_shop:minimum_grade": "Grade minimum autorisé à vendre",

    "menu:edit_marker:delete_marker": "Supprimer le marqueur",
    "menu:edit_marker:close": "Fermé",
    "menu:edit_marker:save": "sauvegarder",

    "menu:input_text:close": "fermé",
    "menu:input_text:confirm": "Confirmer",

    "menu:notification:notification": "Notification",
    "menu:notification:close": "fermé",

    "menu:not_allowed:you_are_not_allowed": "Vous n'êtes pas autorisé à utiliser ce menu",
    "menu:not_allowed:if_you_are_admin": "Si vous êtes un administrateur de serveur, vous devez ajouter l'autorisation ACE à votre server.cfg",

    "menu:animations:animations": "Animations",
    "menu:animations:add_animation": "Ajouter une animation",
    "menu:animations:close": "fermé",
    "menu:animations:save": "sauvegarder",

    "menu:dynamic:create_new_job": "Créer un nouvel emploi",
    "menu:dynamic:new_job_label": "Nouvelle étiquette d'emploi :",
    "menu:dynamic:new_job_name": "Nom du nouveau travail (identifiant) :",

    "menu:dynamic:delete_job": "Supprimer le travail",
    "menu:dynamic:delete_job_confirm": "Êtes-vous sûr de vouloir supprimer ce travail?",

    "menu:dynamic:job_markers:create_marker": "Étiqueter",
    "menu:dynamic:job_markers:label": "Étiqueter",
    "menu:dynamic:job_markers:coord_x": "Coord X",
    "menu:dynamic:job_markers:coord_y": "Coord Y",
    "menu:dynamic:job_markers:coord_z": "Coord Z",
    "menu:dynamic:job_markers:current_coords": "Coordonnées actuelles",
    "menu:dynamic:job_markers:min_grade": "Note minimale",

    "menu:dynamic:public_markers:create_public_marker": "Créer un marqueur public",
    "menu:dynamic:public_markers:label": "Étiqueter",
    "menu:dynamic:public_markers:coord_x": "Coord X",
    "menu:dynamic:public_markers:coord_y": "Coord Y",
    "menu:dynamic:public_markers:coord_z": "Coord Z",
    "menu:dynamic:public_markers:current_coords": "Coordonnées actuelles",

    "menu:dynamic:harvest:name": "Nom (ID)",
    "menu:dynamic:harvest:min_quantity": "Quantité minimum",
    "menu:dynamic:harvest:max_quantity": "Quantité maximale",
    "menu:dynamic:harvest:time_to_harvest": "Temps de récolte (secondes)",
    "menu:dynamic:harvest:probabilty": "Probabilité de trouver",

    "menu:dynamic:default": "Défaut",

    "menu:dynamic:animations:animation_dictionary": "Dictionnaire d'animations :",
    "menu:dynamic:animations:animation_name": "Nom de l'animation :",
    "menu:dynamic:animations:animation_duration": "Durée de l'animation (secondes) :",
    "menu:dynamic:animations:scenario_name": "Nom du scénario",
    "menu:dynamic:animations:scenario_duration": "Durée du scénario (secondes) :",
    "menu:dynamic:animations:remove": "Supprimer",

    "menu:dynamic:marker_info:stash": "Cache",
    "menu:dynamic:marker_info:stash_settings": "Paramètres de cache",
    "menu:dynamic:marker_info:armory": "armurerie",
    "menu:dynamic:marker_info:armory_settings": "Paramètres de l'armurerie",
    "menu:dynamic:marker_info:safe": "En sécurité",
    "menu:dynamic:marker_info:temporary_garage": "Garage - Véhicules temporaires",
    "menu:dynamic:marker_info:temporary_garage_settings": "Paramètres du garage",
    "menu:dynamic:marker_info:garage_buyable": "Garage - Véhicules achetables",
    "menu:dynamic:marker_info:garage_buyable_settings": "Paramètres du garage",
    "menu:dynamic:marker_info:garage_owned": "Véhicules possédés",
    "menu:dynamic:marker_info:garage_owned_settings": "Paramètres du garage",
    "menu:dynamic:marker_info:boss": "Patron",
    "menu:dynamic:marker_info:boss_settings": "Paramètres du patron",
    "menu:dynamic:marker_info:wardrobe": "Garde-robe - Tenues enregistrées par le joueur",
    "menu:dynamic:marker_info:job_outfit": "Tenue de travail",
    "menu:dynamic:marker_info:job_outfit_settings": "Tenues",
    "menu:dynamic:marker_info:shop": "Boutique (acheter des articles)",
    "menu:dynamic:marker_info:shop_settings": "Articles de la boutique",
    "menu:dynamic:marker_info:market": "Marché (vendre des objets)",
    "menu:dynamic:marker_info:market_settings": "Articles du marché",
    "menu:dynamic:marker_info:harvest": "Point de récolte",
    "menu:dynamic:marker_info:harvest_settings": "Objets récoltables",
    "menu:dynamic:marker_info:process": "Point de traitement",
    "menu:dynamic:marker_info:process_settings": "Article traitable",
    "menu:dynamic:marker_info:crafting_table": "Table d'artisanat",
    "menu:dynamic:marker_info:crafting_table_settings": "Recettes d'artisanat",
    "menu:dynamic:marker_info:teleport": "Point de téléportation",
    "menu:dynamic:marker_info:teleport_settings": "Paramètres de téléportation",
    "menu:dynamic:marker_info:weapon_upgrader": "Améliorateur d'armes",
    "menu:dynamic:marker_info:weapon_upgrader_settings": "Prix des composants/teintes",
    "menu:dynamic:marker_info:duty": "Marche/Arrêt",
    "menu:dynamic:marker_info:job_shop": "Atelier d'emploi",
    "menu:dynamic:marker_info:job_shop_settings": "Paramètres de la boutique",

    "menu:dynamic:marker:crafting_table:time_to_craft": "Temps de fabrication (secondes)",
    "menu:dynamic:marker:crafting_table:result_item": "Élément de résultat",
    "menu:dynamic:marker:crafting_table:quantity": "Quantité",
    "menu:dynamic:marker:crafting_table:item_id": "ID de l'article",
    "menu:dynamic:marker:crafting_table:item_quantity": "Quantité d'article",
    "menu:dynamic:marker:crafting_table:lose_on_use": "Perdre à l'usage",
    "menu:dynamic:marker:crafting_table:remove": "Supprimer",
    "menu:dynamic:marker:crafting_table:animations": "Animations",
    "menu:dynamic:marker:crafting_table:add_to_craft": "Ajouter à l'artisanat",
    "menu:dynamic:marker:crafting_table:remove_craft": "Supprimer l'artisanat",

    "menu:dynamic:marker:temporary_garage:delete": "Effacer",
    "menu:dynamic:marker:temporary_garage:random_plate": "Assiette aléatoire",

    "menu:datatable:lengthMenu": "Afficher les résultats de _MENU_",
    "menu:datatable:zeroRecords": "Aucun résultat",
    "menu:datatable:info": "Affichage de _PAGE_ sur _PAGES_",
    "menu:datatable:infoEmpty": "Aucun résultat disponible",
    "menu:datatable:infoFiltered": "(filtré à partir des résultats MAX)",
    "menu:datatable:search": "Chercher:",
    "menu:datatable:next": "Suivant",
    "menu:datatable:previous": "Précédent",

    "menu:chart:players_in_rank": "Joueurs classés",

    "menu:settings:useBillingUI": "Utiliser l'interface de facturation pour créer des factures",
    "menu:settings:player_menu_position": "Position du menu du lecteur",
    "menu:settings:player_menu_position:bottom_right": "En bas à droite",
    "menu:settings:player_menu_position:top_right": "En haut à droite",
    "menu:settings:player_menu_position:bottom_left": "En bas à gauche",
    "menu:settings:player_menu_position:top_left": "En haut à gauche",
    "menu:settings:max_distance_marker": "Distance maximale où le marqueur peut être vu",
    "menu:settings:use3Dtext": "Utilisez du texte 3D au lieu de marqueurs",
    "menu:settings:text_size": "Taille du texte",
    "menu:settings:font_to_use": "Police à utiliser",
    "menu:settings:seconds_to_lockpick_car": "Secondes pour crocheter une voiture",
    "menu:settings:vehicle_alarm": "Le véhicule doit-il avoir une alarme pendant le crochetage ?",
    "menu:settings:jsfour_idcard": "Utilisez le script jsfour-idcard (si vous l'avez) pour afficher la carte d'identité cible dans l'action de vérification d'identité/licence de véhicule/licence d'arme",
    "menu:settings:can_use_actions_off_duty": "Le joueur peut-il utiliser le menu d'actions F6 lorsqu'il n'est pas en service ?",
    "menu:settings:car_driving_licenses_ids": "Identifiants de permis de conduire",
    "menu:settings:weapon_licenses_ids": "Identifiants des licences d'armes",
    "menu:settings:new_driving_license": "Nouveau permis de conduire",
    "menu:settings:add": "Ajouter",
    "menu:settings:new_weapon_license": "Nouveau permis d'armes",
    "menu:settings:can_sell_multiple_items": "Peut-on vendre plusieurs objets à la fois sur le marché ?",
    "menu:settings:language": "Langue",
    "menu:settings:allow_afk_farming": "Activer la récolte automatique et l'agriculture de marqueur de processus",
    "menu:settings:unemployed_job_id": "ID de l'emploi au chômage",
    "menu:settings:unemployed_job_grade": "Niveau d'emploi au chômage",
    "menu:settings:ace_permission": "Autorisation ACE",

    "menu:settings:enable_discord_logs": "Activer les journaux de discorde",
    "menu:settings:discord_webhooks": "lien vers discord",
    "menu:settings:main_webhook": "lien principal",
    "menu:settings:separated_webhooks": "Separated lien",

    "menu:settings:handcuffs_requires_item": "Les menottes nécessitent un article",
    "menu:settings:handcuffs_item_name": "Nom de l'article menottes",

    "menu:settings:lockpick_requires_item": "Le véhicule de crochetage nécessite un élément",
    "menu:settings:lockpick_item_name": "Nom de l'élément de Lockpick",
    "menu:settings:lockpickRemoveOnUse": "Perdre le Lockpick à l'utilisation",

    "menu:settings:robbable_accounts": "Comptes piratables",
    "menu:settings:new_robbable_account": "Nouveau compte",
    "menu:settings:canAlwaysCarryItem": "Peut toujours transporter des objets",
    "menu:settings:accounts_depositable_in_safe": "Comptes déposables en coffre-fort",
    "menu:settings:enable_cash_in_safes_old_esx": "Activer les espèces en coffre-fort pour l'ancienne version d'ESX",

    "menu:settings:vehicle_reparation": "Réparation de véhicule",
    "menu:settings:repair_vehicle_requires_item": "Le véhicule de réparation nécessite un élément",
    "menu:settings:repair_vehicle_item_name": "Nom de l'élément du kit de réparation",
    "menu:settings:lose_fixkit_on_use": "Perdre le kit de réparation à l'utilisation",

    "menu:settings:vehicle_cleaning": "Nettoyage de véhicule",
    "menu:settings:clean_vehicle_requires_item": "Véhicule propre nécessite un article",
    "menu:settings:clean_vehicle_item_name": "Nom de l'élément éponge",
    "menu:settings:lose_sponge_on_use": "Perdre l'éponge à l'utilisation",

    "menu:settings:healing": "Guérison",
    "menu:settings:healing_requires_item": "La guérison nécessite un objet",
    "menu:settings:healing_item_name": "Nom de l'article de pansement",
    "menu:settings:lose_bandage_on_use": "Perdre le bandage à l'utilisation",

    "menu:settings:reviving": "Faire revivre",
    "menu:settings:reviving_requires_item": "La réanimation nécessite un élément",
    "menu:settings:reviving_item_name": "Nom de l'élément Medikit",
    "menu:settings:lose_medikit_on_use": "Perdre le medikit à l'utilisation",

    "menu:settings:enable_property_outfits": "Activer les tenues du magasin de données de propriété dans le marqueur de garde-robe",

    "menu:settings:apply_changes": "Appliquer les modifications",
    "menu:settings:restore_default_config": "Restaurer la configuration par défaut",
    "menu:are_you_sure_to_restore_settings": "Êtes-vous sûr de restaurer les paramètres par défaut?",

    "menu:items_dialog:title": "Liste d'articles",
    "menu:items_dialog:search_item": "Recherche article",
    
    "menu:weapons_dialog:title": "Liste des armes",
    "menu:weapons_dialog:search_weapon": "Rechercher une arme",

    "menu:dialog:choose_item": "Choisir l'article",
    "menu:dialog:choose_weapon": "Choisir l'arme"
}