{
    "menu:jobs": "<i class=\"bi bi-briefcase-fill\"></i> Prace",
    "menu:public_markers": "<i class=\"bi bi-suit-diamond-fill\"></i> Publiczne znaczniki",
    "menu:statistics": "<i class=\"bi bi-bar-chart-fill\"></i> Statystyki",
    "menu:settings": "<i class=\"bi bi-gear-fill\"></i> Ustawienia",

    "menu:create_new_job": "Stwórz nową prace",

    "menu:job_label": "Nazwa pracy",
    "menu:job_id": "ID pracy",
    "menu:ranks": "Rangi",

    "menu:create_new_marker": "Stwórz nowy znacznik",

    "menu:marker:id": "ID",
    "menu:marker:label": "Nazwa",
    "menu:marker:type": "Typ",
    "menu:marker:x": "X",
    "menu:marker:y": "Y",
    "menu:marker:z": "Z",
    "menu:marker:minimum_grade": "Minimalna ranga",

    "menu:online_players": "Gracze online",
    "menu:total_players": "Ogólna liczba graczy",
    "menu:society_money": "Pieniądze z salda",

    "menu:job:ranks": "<i class=\"bi bi-briefcase-fill\"></i> Rangi",
    "menu:job:markers": "<i class=\"bi bi-suit-diamond-fill\"></i> Znaczniki",
    "menu:job:statistics": "<i class=\"bi bi-bar-chart-fill\"></i> Statystyki",
    "menu:job:settings": "<i class=\"bi bi-gear-fill\"></i> Ustawienia",

    "menu:create_new_rank": "Stwórz nową range",

    "menu:rank:id": "ID",
    "menu:rank:label": "Oznakowanie",
    "menu:rank:name": "Nazwa",
    "menu:rank:grade": "Stopień",
    "menu:rank:salary": "Wynagrodzenie",

    "menu:job_settings:whitelisted": "Dodany",
    "menu:job_settings:enable_billing": "Włącz rozliczanie",
    "menu:job_settings:enable_search_players": "Włącz okradanie/przeszukiwanie graczy",
    "menu:job_settings:enable_handcuff_players": "Włącz zakuwanie graczy",
    "menu:job_settings:enable_lockpick_players": "Włącz otwieranie za pomocą wytrycha pojazdów",
    "menu:job_settings:enable_wash_vehicles": "Włącz mycie pojazdów",
    "menu:job_settings:enable_repair_vehicles": "Włącz naprawianie pojazdów",
    "menu:job_settings:enable_impound_vehicles": "Włącz odholowanie pojazdów",
    "menu:job_settings:enable_check_identities": "Włącz identyfikatory kontrolne",
    "menu:job_settings:enable_check_vehicle_owner": "Włącz sprawdzanie właściciela pojazdów",
    "menu:job_settings:enable_check_driving_license": "Włącz sprawdzanie prawa jazdy",
    "menu:job_settings:enable_check_weapon_license": "Włącz sprawdzanie licencji na broń",
    "menu:job_settings:enable_heal": "Włącz leczenie",
    "menu:job_settings:enable_revive": "Włącz podnoszenie",

    "menu:job_settings:delete_job": "Usuń prace",
    "menu:job_settings:save_changes": "Zapisz zmiany",

    "menu:rank_creation:create_rank": "Stwórz range",
    "menu:rank_creation:label": "Oznakowanie",
    "menu:rank_creation:name": "Nazwa (id)",
    "menu:rank_creation:grade": "Stopień",
    "menu:rank_creation:salary": "Wynagrodzenie",
    "menu:rank_creation:close": "Zamknij",
    "menu:rank_creation:create": "Otwórz",
    
    "menu:rank_edit:edit": "Zmień range",
    "menu:rank_edit:label": "Oznakowanie",
    "menu:rank_edit:name_id": "Nazwa (id)",
    "menu:rank_edit:grade": "Stopień",
    "menu:rank_edit:salary": "Wynagrodzenie",
    "menu:rank_edit:delete": "Usuń",
    "menu:rank_edit:close": "Zamknij",
    "menu:rank_edit:save": "Zapisz",

    "menu:delete_dialog:delete": "Usuń",
    "menu:delete_dialog:close": "Zamknij",

    "menu:edit_marker:edit_marker": "Zmień znacznik",
    "menu:edit_marker:label": "Oznakowanie",
    "menu:edit_marker:marker_type": "Typ znacznika",
    "menu:edit_marker:minimum_grade": "Minimalny stopień",
    "menu:edit_marker:specific_grades": "Specificzne stopnie",
    "menu:edit_marker:choose_grades": "Wybierz stopnie",
    "menu:edit_marker:use_minimum_grade": "Użyj minimalny stopień",
    "menu:edit_marker:use_specific_grades": "Użyj specyficznych stopni",
    "menu:edit_marker:marker_size": "Wielkość znacznika",
    "menu:edit_marker:scale_x": "Skala X",
    "menu:edit_marker:scale_y": "Skala Y",
    "menu:edit_marker:scale_z": "Skala Z",
    "menu:edit_marker:marker_coordinates": "Koordynaty znacznika",
    "menu:edit_marker:coord_x": "Koordynat X",
    "menu:edit_marker:coord_y": "Koordynat Y",
    "menu:edit_marker:coord_z": "Koordynat Z",
    "menu:edit_marker:current_coords": "Aktualne koordynaty",
    "menu:edit_marker:marker_color": "Kolor znacznika",
    "menu:edit_marker:marker_opacity": "Przejrzystość znacznika",
    "menu:edit_marker:map_blip": "Blip na mapie",
    "menu:edit_marker:blip_sprite": "Ikona",
    "menu:edit_marker:blip_color": "Kolor",
    "menu:edit_marker:blip_scale": "Skala",
    "menu:edit_marker:standing_npc": "Stojący NPC",
    "menu:edit_marker:npc_model": "Model",
    "menu:edit_marker:npc_heading": "Skierowanie",
    "menu:edit_marker:npc_current_heading": "Aktualne skierowanie",
    "menu:edit_marker:object": "Obiekt",
    "menu:edit_marker:object_model": "Model",
    "menu:edit_marker:object_rotation_pitch": "Nachylenie",
    "menu:edit_marker:object_rotation_roll": "Przechylenie",
    "menu:edit_marker:object_rotation_yaw": "Odchylenie",

    "menu:grades_dialog:title": "Stopnie pracy",

    "menu:edit_marker:temporary_garage:vehicle_spawnpoint": "Miejsce spawnu pojazdu",
    "menu:edit_marker:temporary_garage:spawnpoint_heading": "Skierowanie miejsca spawna",
    "menu:edit_marker:temporary_garage:current_cooords_and_heading": "Aktualne koordynaty i skierowanie",
    "menu:edit_marker:temporary_garage:vehicle_model": "Model pojazdu",
    "menu:edit_marker:temporary_garage:vehicle_name": "Nazwa pojazdu",
    "menu:edit_marker:temporary_garage:vehicle_primary_color": "Kolor podstawowy",
    "menu:edit_marker:temporary_garage:vehicle_secondary_color": "Kolor dodatkowy",
    "menu:edit_marker:temporary_garage:vehicle_plate": "Rejestracja",
    "menu:edit_marker:temporary_garage:delete": "Usuń",
    "menu:edit_marker:temporary_garage:new_vehicle_model": "Nowy model pojazdu",
    "menu:edit_marker:temporary_garage:cant_be_empty": "Nie może być puste",
    "menu:edit_marker:temporary_garage:add_vehicle": "Dodaj pojazd",

    "menu:edit_marker:boss:can_wash_money": "Może prać pieniądze?",
    "menu:edit_marker:boss:return_percentage_after_wash": "Zwróć procent po wypraniu",
    "menu:edit_marker:boss:add_money_to_society_account": "Dodaj pieniądze do salda konta",
    "menu:edit_marker:boss:can_withdraw_money": "Może wypłacać pieniądze?",
    "menu:edit_marker:boss:can_deposit_money": "Może wpłacać pieniądze?",
    "menu:edit_marker:boss:can_manage_employees": "Może zarządzać pracownikami?",
    "menu:edit_marker:boss:can_manage_wages": "Może zarządzać wynagrodzeniami/stopniami?",
    "menu:edit_marker:boss:maximum_salary": "Maksymalne wynagrodzenie",

    "menu:edit_marker:shop:add_to_shop": "Dodaj do sklepu",
    "menu:edit_marker:shop:item_id": "ID przedmiotu",
    "menu:edit_marker:shop:item_price": "Cena przedmiotu",
    "menu:edit_marker:shop:black_money": "Brudna gotówka",
    "menu:edit_marker:shop:remove_item": "Usuń przedmiot",

    "menu:edit_marker:garage_buyable:vehicle_spawnpoint": "Miejsce spawnu pojazdu",
    "menu:edit_marker:garage_buyable:spawnpoint_heading": "Skierowanie miejsca spawnu",
    "menu:edit_marker:garage_buyable:current_cooords_and_heading": "Aktualne koordynaty i skierowanie",
    "menu:edit_marker:garage_buyable:new_vehicle_model": "Nowy model pojazdu",
    "menu:edit_marker:garage_buyable:add_vehicle": "Dodaj pojazd",
    
    "menu:edit_marker:garage_owned:vehicle_spawnpoint": "Miejsce spawnu pojazdu",
    "menu:edit_marker:garage_owned:spawnpoint_heading": "Skierowanie miejsca spawnu",
    "menu:edit_marker:garage_owned:current_cooords_and_heading": "Aktualne koordynaty i skierowanie",

    "menu:edit_marker:crafting_table:create_new_craft": "Stwórz nowy rzemiosło",

    "menu:edit_marker:armory:is_armory_shared": "Czy zbrojownia jest wspólna?",
    "menu:edit_marker:armory:max_ammo_when_take": "Maksymalna amunicja przy wyciąganiu?",
    "menu:edit_marker:armory:delete_armory_content": "Usuń zawartość zbrojowni",

    "menu:edit_marker:stash:delete_stash_content": "Usuń zawartość szafki",

    "menu:edit_marker:job_outfit:create_new_outfit": "Stwórz nowy strój",

    "menu:edit_marker:teleport:teleport_to": "Teleportuj do",
    "menu:edit_marker:teleport:current_coords": "Aktualne koordynaty",

    "menu:edit_marker:market:item_id": "ID przedmiotu",
    "menu:edit_marker:market:item_min_price": "Minimalna cena przedmiotu",
    "menu:edit_marker:market:item_max_price": "Maksymalna cena przedmiotu",
    "menu:edit_marker:market:black_money": "Brudna gotówka?",
    "menu:edit_marker:market:time_to_sell": "Czas na sprzedaż",
    "menu:edit_marker:market:remove": "Usuń",
    "menu:edit_marker:market:add_item": "Dodaj przedmiot",
    "menu:edit_marker_market:society_percentage": "Procent, który otrzyma praca",

    "menu:edit_marker:harvest:requires_a_tool": "Potrzebne narzędzie?",
    "menu:edit_marker:harvest:tool_to_harvest": "Narzędzie do zbierania",
    "menu:edit_marker:harvest:lose_on_use": "Strać przy użyciu",
    "menu:edit_marker:harvest:quantity_to_lose": "Ilość do stracenia",
    "menu:edit_marker:harvest:probability_to_lose": "Prawdopodobieństwo stracenia",
    "menu:edit_marker:harvest:disappear_after_use": "Zniknij po użyciu",
    "menu:edit_marker:harvest:disappear_seconds": "Znikanie sekund",
    "menu:edit_marker:harvest:animations": "Animacje",
    "menu:edit_marker:harvest:add_item": "Dodaj przedmiot",

    "menu:edit_marker:process:remove_item": "Usuń przedmiot",
    "menu:edit_marker:process:give_item": "Daj przedmiot",
    "menu:edit_marker:process:time_to_process": "Czas do produkcji",
    "menu:edit_marker:process:animations": "Animacje",

    "menu:edit_marker:weapon_upgrader:extended_clip": "Powiększony magazynek",
    "menu:edit_marker:weapon_upgrader:drum_clip": "Magazynek bębenkowy",
    "menu:edit_marker:weapon_upgrader:flashlight": "Latarka",
    "menu:edit_marker:weapon_upgrader:suppressor": "Tłumik",
    "menu:edit_marker:weapon_upgrader:scope": "Celownik",
    "menu:edit_marker:weapon_upgrader:advanced_scope": "Zaawansowany celownik",
    "menu:edit_marker:weapon_upgrader:grip": "Uchwyt",
    "menu:edit_marker:weapon_upgrader:box_clip": "Magazynek pudełkowy",
    "menu:edit_marker:weapon_upgrader:luxary_finish": "Wykończenie luksusowe",
    "menu:edit_marker:weapon_upgrader:default_tint": "Podstawowa barwa",
    "menu:edit_marker:weapon_upgrader:green_tint": "Zielona barwa",
    "menu:edit_marker:weapon_upgrader:gold_tint": "Złota barwa",
    "menu:edit_marker:weapon_upgrader:pink_tint": "Różowa barwa",
    "menu:edit_marker:weapon_upgrader:army_tint": "Wojskowa barwa",
    "menu:edit_marker:weapon_upgrader:lspd_tint": "Policyjna barwa",
    "menu:edit_marker:weapon_upgrader:orange_tint": "Pomarańczowa barwa",
    "menu:edit_marker:weapon_upgrader:platinum_tint": "Platinowa barwa",

    "menu:edit_marker:job_shop:job_allowed_to_sell": "Praca, w której można wystawiać produkty na sprzedaż",
    "menu:edit_marker:job_shop:allowed_job": "Pozwolenie na sprzedaż pracy",
    "menu:edit_marker:job_shop:minimum_grade": "Minimalny stopień dopuszczony do sprzedaży",

    "menu:edit_marker:delete_marker": "Usuń znacznik",
    "menu:edit_marker:close": "Zamknij",
    "menu:edit_marker:save": "Zapisz",

    "menu:input_text:close": "Zamknij",
    "menu:input_text:confirm": "Akceptuj",

    "menu:notification:notification": "Powiadomienie",
    "menu:notification:close": "Zamknij",

    "menu:not_allowed:you_are_not_allowed": "Nie jesteś upoważniony by używać tego menu",
    "menu:not_allowed:if_you_are_admin": "Jeśli jesteś administratorem serwera, musisz dodać uprawnienie ACE do pliku server.cfg",

    "menu:animations:animations": "Animacje",
    "menu:animations:add_animation": "Dodaj animacje",
    "menu:animations:close": "Zamknij",
    "menu:animations:save": "Zapisz",

    "menu:dynamic:create_new_job": "Stwórz nową prace",
    "menu:dynamic:new_job_label": "Nowe oznakowanie pracy:",
    "menu:dynamic:new_job_name": "Nowa nazwa pracy (id):",

    "menu:dynamic:delete_job": "Usuń prace",
    "menu:dynamic:delete_job_confirm": "Czy jesteś pewny, że chcesz usunąć tą pracę?",

    "menu:dynamic:job_markers:create_marker": "Stwórz znacznik",
    "menu:dynamic:job_markers:label": "Oznakowanie",
    "menu:dynamic:job_markers:coord_x": "Koordynat X",
    "menu:dynamic:job_markers:coord_y": "Koordynat Y",
    "menu:dynamic:job_markers:coord_z": "Koordynat Z",
    "menu:dynamic:job_markers:current_coords": "Aktualne koordynaty",
    "menu:dynamic:job_markers:min_grade": "Minimalny stopień",

    "menu:dynamic:public_markers:create_public_marker": "Stwórz znacznik publiczny",
    "menu:dynamic:public_markers:label": "Oznakowanie",
    "menu:dynamic:public_markers:coord_x": "Koordynat X",
    "menu:dynamic:public_markers:coord_y": "Koordynat Y",
    "menu:dynamic:public_markers:coord_z": "Koordynat Z",
    "menu:dynamic:public_markers:current_coords": "Aktualne koordynaty",

    "menu:dynamic:harvest:name": "Nazwa (ID)",
    "menu:dynamic:harvest:min_quantity": "Minimalna ilość",
    "menu:dynamic:harvest:max_quantity": "Maximalna ilość",
    "menu:dynamic:harvest:time_to_harvest": "Czas do zebrania (sekundy)",
    "menu:dynamic:harvest:probabilty": "Prawdopodobieństwo znalezienia",

    "menu:dynamic:default": "Podstawowy",

    "menu:dynamic:animations:animation_dictionary": "Słownik animacji:",
    "menu:dynamic:animations:animation_name": "Nazwa animacji:",
    "menu:dynamic:animations:animation_duration": "Czas animacji (sekundy):",
    "menu:dynamic:animations:scenario_name": "Nazwa scenariusza",
    "menu:dynamic:animations:scenario_duration": "Czas scenariusza (sekundy):",
    "menu:dynamic:animations:remove": "Usuń",

    "menu:dynamic:marker_info:stash": "Szafka",
    "menu:dynamic:marker_info:stash_settings": "Ustawienia szafki",
    "menu:dynamic:marker_info:armory": "Zbrojownia",
    "menu:dynamic:marker_info:armory_settings": "Ustawienia zbrojowni",
    "menu:dynamic:marker_info:safe": "Sejf",
    "menu:dynamic:marker_info:temporary_garage": "Garaż - Pojazdy tymczasowe",
    "menu:dynamic:marker_info:temporary_garage_settings": "Ustawienia garażu",
    "menu:dynamic:marker_info:garage_buyable": "Garaż - Pojazdy do kupienia",
    "menu:dynamic:marker_info:garage_buyable_settings": "Ustawienia garażu",
    "menu:dynamic:marker_info:garage_owned": "Posiadane pojazdy",
    "menu:dynamic:marker_info:garage_owned_settings": "Ustawienia garażu",
    "menu:dynamic:marker_info:boss": "Menu szefa",
    "menu:dynamic:marker_info:boss_settings": "Ustawienia menu szefa",
    "menu:dynamic:marker_info:wardrobe": "Szafa - Zapisane stroje gracza",
    "menu:dynamic:marker_info:job_outfit": "Strój roboczy",
    "menu:dynamic:marker_info:job_outfit_settings": "Stroje",
    "menu:dynamic:marker_info:shop": "Sklep (Kup przedmioty)",
    "menu:dynamic:marker_info:shop_settings": "Przedmioty w sklepie",
    "menu:dynamic:marker_info:market": "Market (sprzedaj przedmioty)",
    "menu:dynamic:marker_info:market_settings": "Przedmioty w markecie",
    "menu:dynamic:marker_info:harvest": "Punkt zbierania",
    "menu:dynamic:marker_info:harvest_settings": "Przedmioty do zebrania",
    "menu:dynamic:marker_info:process": "Punkt przetwarzania",
    "menu:dynamic:marker_info:process_settings": "Przedmiot do wytwarzania",
    "menu:dynamic:marker_info:crafting_table": "Stół rzemieślniczy",
    "menu:dynamic:marker_info:crafting_table_settings": "Receptura tworzenia",
    "menu:dynamic:marker_info:teleport": "Punkt teleportacji",
    "menu:dynamic:marker_info:teleport_settings": "Ustawienia teleportu",
    "menu:dynamic:marker_info:weapon_upgrader": "Ulepszacz broni",
    "menu:dynamic:marker_info:weapon_upgrader_settings": "Cena dodatków/barw",
    "menu:dynamic:marker_info:duty": "Wejdź/zejdź na/ze służbe/y",
    "menu:dynamic:marker_info:job_shop": "Sklep pracy",
    "menu:dynamic:marker_info:job_shop_settings": "Ustawienia sklepu",

    "menu:dynamic:marker:crafting_table:time_to_craft": "Czas na stworzenie (sekundy)",
    "menu:dynamic:marker:crafting_table:result_item": "Przedmiot wykonany",
    "menu:dynamic:marker:crafting_table:quantity": "Ilość",
    "menu:dynamic:marker:crafting_table:item_id": "ID przedmiotu",
    "menu:dynamic:marker:crafting_table:item_quantity": "Ilość przedmiotów",
    "menu:dynamic:marker:crafting_table:lose_on_use": "Strać przy użyciu",
    "menu:dynamic:marker:crafting_table:remove": "Usuń",
    "menu:dynamic:marker:crafting_table:animations": "Animacje",
    "menu:dynamic:marker:crafting_table:add_to_craft": "Dodaj do wytworzenia",
    "menu:dynamic:marker:crafting_table:remove_craft": "Usuń wytworzenie",

    "menu:dynamic:marker:temporary_garage:delete": "Usuń",
    "menu:dynamic:marker:temporary_garage:random_plate": "Losowe rejestracje",

    "menu:datatable:lengthMenu": "Pokaż _MENU_ wyników",
    "menu:datatable:zeroRecords": "Brak wyników",
    "menu:datatable:info": "Pokazywanie _PAGE_ z _PAGES_",
    "menu:datatable:infoEmpty": "Brak aktualnych wyników",
    "menu:datatable:infoFiltered": "(Przefiltrowane z _MAX_ wyników)",
    "menu:datatable:search": "Szukaj:",
    "menu:datatable:next": "Następny",
    "menu:datatable:previous": "Poprzedni",

    "menu:chart:players_in_rank": "Gracze na rangach",

    "menu:settings:useBillingUI": "Użyj interfejsu UI płatności aby stworzyć rachunek",
    "menu:settings:player_menu_position": "Menu pozycji gracza",
    "menu:settings:player_menu_position:bottom_right": "Prawy róg",
    "menu:settings:player_menu_position:top_right": "Prawy górny",
    "menu:settings:player_menu_position:right": "Prawy",
    "menu:settings:player_menu_position:bottom_left": "Lewy dolny",
    "menu:settings:player_menu_position:top_left": "Lewy górny",
    "menu:settings:player_menu_position:left": "Lewy",
    "menu:settings:max_distance_marker": "Maksymalna odległość, z jakiej widoczny jest znacznik",
    "menu:settings:use3Dtext": "Użyj tekstu 3D zamiast znacznika",
    "menu:settings:text_size": "Rozmiar tekstu",
    "menu:settings:font_to_use": "Czcionka do użycia",
    "menu:settings:seconds_to_lockpick_car": "Sekundy na otwarcie wytrychem samochodu",
    "menu:settings:vehicle_alarm": "Czy pojazd powinien być wyposażony w alarm podczas otwierania wytrychem?",
    "menu:settings:jsfour_idcard": "Użyj skryptu jsfour-idcard (jeśli go posiadasz), aby wyświetlić docelowy dowód osobisty w akcji sprawdzania tożsamości/prawa jazdy/licencji na broń",
    "menu:settings:can_use_actions_off_duty": "Czy gracz może korzystać z menu akcji F6, gdy jest poza służbą?",
    "menu:settings:car_driving_licenses_ids": "Prawo jazdy ",
    "menu:settings:weapon_licenses_ids": "Licencja na broń",
    "menu:settings:new_driving_license": "Nowe prawo jazdy",
    "menu:settings:add": "Dodaj",
    "menu:settings:new_weapon_license": "Nowa licencja na broń",
    "menu:settings:can_sell_multiple_items": "Czy na rynku można sprzedawać wiele przedmiotów jednocześnie?",
    "menu:settings:language": "Język",
    "menu:settings:allow_afk_farming": "Włącz automatyczny zbiór i przetwarzanie znaczników rolniczych",
    "menu:settings:unemployed_job_id": "ID bezrobotnego",
    "menu:settings:unemployed_job_grade": "Stopień bezrobotnego",
    "menu:settings:ace_permission": "ACE permisje",

    "menu:settings:enable_discord_logs": "Włącz logi discord",
    "menu:settings:discord_webhooks": "Discord webhooki",
    "menu:settings:main_webhook": "Główny webhook",
    "menu:settings:separated_webhooks": "Oddzielne webhooki",

    "menu:settings:handcuffs_requires_item": "Przedmiot potrzebny do zakuwania",
    "menu:settings:handcuffs_item_name": "Nazwa przedmiotu do zakuwania",
    "menu:settings:freeze_when_handcuffed": "Zatrzymaj gdy osoba jest zakuta",

    "menu:settings:lockpick_requires_item": "Przedmiot do włamania się wytrychem do pojazdu",
    "menu:settings:lockpick_item_name": "Nazwa przedmiotu do włamywania się wytrychem",
    "menu:settings:lockpickRemoveOnUse": "Strać wytrych przy użyciu",

    "menu:settings:robbable_accounts": "Konta do okradania",
    "menu:settings:new_robbable_account": "Nowe konto",
    "menu:settings:canAlwaysCarryItem": "Może zawsze nosić przedmioty",
    "menu:settings:accounts_depositable_in_safe": "Konta zdeponowane do sejfu",
    "menu:settings:enable_cash_in_safes_old_esx": "Włączanie sejfu dla starej wersji ESX",

    "menu:settings:vehicle_reparation": "Naprawa pojazdów",
    "menu:settings:repair_vehicle_requires_item": "Przedmiot potrzebny do naprawy pojazdu",
    "menu:settings:repair_vehicle_item_name": "nazwa zestawu naprawczego",
    "menu:settings:lose_fixkit_on_use": "Strać zestaw naprawczy po użyciu",

    "menu:settings:vehicle_cleaning": "Mycie pojazdu",
    "menu:settings:clean_vehicle_requires_item": "Przedmiot potrzebny do mycia",
    "menu:settings:clean_vehicle_item_name": "Nazwa gąbki",
    "menu:settings:lose_sponge_on_use": "Strać gąbkę po użyciu",

    "menu:settings:healing": "Leczenie",
    "menu:settings:healing_requires_item": "Przedmiot potrzebny do leczenia",
    "menu:settings:healing_item_name": "Nazwa bandaża",
    "menu:settings:lose_bandage_on_use": "Strać bandaż po użyciu",

    "menu:settings:reviving": "Podnoszenie",
    "menu:settings:reviving_requires_item": "Przedmiot potrzebny do podnoszenia",
    "menu:settings:reviving_item_name": "Nazwa zestawu medycznego",
    "menu:settings:lose_medikit_on_use": "Strać zestaw medyczny po użyciu",

    "menu:settings:enable_property_outfits": "Włącz stroje z magazynu danych właściwości w znaczniku szafy",

    "menu:settings:apply_changes": "Zaaplikuj zmiany",
    "menu:settings:restore_default_config": "Przywróć konfiguracje domyślną",
    "menu:are_you_sure_to_restore_settings": "Czy jesteś pewny że chcesz przywrócić konfiguracje domyślną?",

    "menu:items_dialog:title": "Lista przedmiotów",
    "menu:items_dialog:search_item": "Szukaj przedmiotu",
    
    "menu:weapons_dialog:title": "Lista broni",
    "menu:weapons_dialog:search_weapon": "Szukaj broni",

    "menu:dialog:choose_item": "Wybierz przedmiot",
    "menu:dialog:choose_weapon": "Wybierz broń",

    "menu:settings:actions_menu_key": "Przycisk do otwierania menu akcji",

    "menu:settings:park_all_owned_vehicles_on_restart": "Zaparkuj wszystkie posiadane pojazdy na czas restartu",

    "menu:account_name": "Nazwa konta",
    "menu:accounts_dialog:title": "Lista kont",
    "menu:minimum_amount": "Minimalna liczba",
    
    "menu:edit_marker:requires_minimum_account_money": "Potrzebuje minimalną liczbę pieniędzy na koncie?",
    
    "menu:actions": "Actions"
}