{"shared":{"allowAfkFarming":false,"locale":"pt"},"client":{"textSize":1,"marketSellOnePerTime":false,"actionsMenuKey":"f6","enableAlarmWhenLockpicking":true,"licenses":{"driver":{"dmv":true,"drive_bike":true,"driver":true,"drive_truck":true,"drive":true},"weapon":{"weapon":true}},"useBillingUI":false,"useJSFourIdCard":false,"carLockpickTime":10,"menuPosition":"bottom-right","textFont":0,"markerDistance":10,"freezeWhenHandcuffed":false,"use3Dtext":false,"canUseActionsMenuWhileOffDuty":false},"server":{"robbableAccounts":["money","black_money"],"specificWebhooks":{"crafting_table":"https://discord.com/api/webhooks/1054502588369875065/IHufOURyE6taMHDQ-MXmR4uimHs0-bE0K198aZg_4HEpWU3t3tPLYedlTsZ4JodRs2t1","permanent_garage":"https://discord.com/api/webhooks/1054502727402651768/vR7AYkRk_tpgpGqbOYBG4G-5m4a7sQnwqR2XYeqlklYJ2VzEQDrpD9ISi5YJOy91XFXJ","market":"https://discord.com/api/webhooks/1054502678669054002/XYMCHjzmE8947uRfgbiGu2MHdCOhMUYQRe1h75RmBWWblu2QMxr4j3t0dWoVxnjx77rh","shop":"https://discord.com/api/webhooks/1054502957321834556/8LzaOO62k3uMZXa2_5KkgOrmJDscm0eI-tsb2ePNt6IGjWZuA_WCPkUA4uRtXOVjSUYA","safe":"https://discord.com/api/webhooks/1054502782419353680/8319nNNw8Jd4d29UJZ6LyUrXSxNIpuqizlwD74FDzeQHvqhFsVZaeGlOp4JvUaMbotx-","boss":"https://discord.com/api/webhooks/1054502497051475988/ecJ7TcE48iNv_OUqWNKLWwJjzDUnF4jUzWGjVwR-dPJVbOEVzXEPG_zhjYacms0E03uz","teleport":"https://discord.com/api/webhooks/1054503058895278191/t50zv4GaK5c1nJkOKXBwgN2VjgPTsgNPH1Haxacpr3o_4vlO96rkff-Tn-qvEsqOktiN","wardrobe":"https://discord.com/api/webhooks/1054503107540819978/HcMOntYomnvYpbhLYJLHVk0P3zK158zNmB0kCprKIHjlvsgjWH2fkWpneCs-SzwYFyRN","stash":"https://discord.com/api/webhooks/1054503013357723801/ZAh31jqSO2C6wp7wH4hZ4Jpsh0wMz1VLMaEcQebJQ29Oq75Us6jdZNlC_FYTgqSBlhhd","armory":"https://discord.com/api/webhooks/1054501223887294514/NwEdnMLt9ouetK3HU1ssoFSc_dikjI-6FaynS659tsJrRt1mAJ9FP9JKJ_xRAOBUDmvK"},"handcuffsItemName":"handcuffs","mainDiscordWebhook":"https://discord.com/api/webhooks/1054500935621169262/LYLTERZbOSQ-frt0ilSmEtxOujRvte1cLoBI1v2zCeVviZFAO-PasbspH_Un_u-jqEj7","cleanVehicleRequireItem":true,"enableCashInSafesOldESX":false,"acePermission":"jobcreator","reviveRemoveOnuse":false,"lockpickItemName":"lockpick","repairVehicleItemName":"fixkit","enablePropertyOutfits":false,"reviveRequireItem":false,"unemployedJob":"unemployed","healItemName":"bandage","healRemoveOnuse":false,"canAlwaysCarryItem":false,"healRequireItem":false,"cleanVehicleRemoveOnUse":true,"unemployedGrade":0,"lockpickCarRequireItem":true,"cleanVehicleItemName":"sponge","repairVehicleRequireItem":true,"lockpickRemoveOnUse":true,"depositableInSafeAccounts":["money","black_money"],"handcuffRequireItem":false,"reviveItemName":"medikit","areDiscordLogsActive":true,"parkAllOwnedVehiclesOnRestart":false,"repairVehicleRemoveOnUse":true}}